Data_de_cadastro,Denunciante,Cenário_da_violação,Município,UF,Denúncia_emergencial,Media_Frequência_Diaria
2024-03-19,A PRÓPRIA VÍTIMA,CASA ONDE RESIDE A VÍTIMA E O SUSPEITO,RIO DE JANEIRO,RJ,RISCO IMINENTE DE MORTE DA VÍTIMA,283.0
2024-03-17,A PRÓPRIA VÍTIMA,CASA ONDE RESIDE A VÍTIMA E O SUSPEITO,PORTO ALEGRE,RS,RISCO IMINENTE DE MORTE DA VÍTIMA,80.0
2024-02-13,A PRÓPRIA VÍTIMA,CASA DA VÍTIMA,BRODOWSKI,SP,RISCO IMINENTE DE MORTE DA VÍTIMA,52.0
2024-05-15,TERCEIRO,CASA DA VÍTIMA,SÃO PAULO,SP,RISCO IMINENTE DE MORTE DA VÍTIMA,50.0
2024-06-26,A PRÓPRIA VÍTIMA,CASA ONDE RESIDE A VÍTIMA E O SUSPEITO,BELO HORIZONTE,MG,RISCO IMINENTE DE MORTE DA VÍTIMA,45.0
2024-05-17,TERCEIRO,CASA ONDE RESIDE A VÍTIMA E O SUSPEITO,SÃO PAULO,SP,RISCO IMINENTE DE MORTE DA VÍTIMA,42.0
2024-05-01,A PRÓPRIA VÍTIMA,OUTROS,NATIVIDADE,RJ,RISCO IMINENTE DE MORTE DA VÍTIMA,40.0
2024-01-20,A PRÓPRIA VÍTIMA,CASA DA VÍTIMA,BARRETOS,SP,RISCO IMINENTE DE MORTE DA VÍTIMA,40.0
2024-02-28,A PRÓPRIA VÍTIMA,CASA DA VÍTIMA,JACOBINA,BA,RISCO IMINENTE DE MORTE DA VÍTIMA,40.0
2024-03-02,A PRÓPRIA VÍTIMA,CASA DA VÍTIMA,BELO HORIZONTE,MG,RISCO IMINENTE DE MORTE DA VÍTIMA,40.0
2024-05-21,A PRÓPRIA VÍTIMA,CASA ONDE RESIDE A VÍTIMA E O SUSPEITO,ITAQUAQUECETUBA,SP,RISCO IMINENTE DE MORTE DA VÍTIMA,36.0
2024-03-13,A PRÓPRIA VÍTIMA,VIA PÚBLICA,CARATINGA,MG,RISCO IMINENTE DE MORTE DA VÍTIMA,32.0
2024-02-09,A PRÓPRIA VÍTIMA,CASA ONDE RESIDE A VÍTIMA E O SUSPEITO,AMARGOSA,BA,RISCO IMINENTE DE MORTE DA VÍTIMA,31.0
2024-04-23,A PRÓPRIA VÍTIMA,CASA ONDE RESIDE A VÍTIMA E O SUSPEITO,FEIRA DE SANTANA,BA,RISCO IMINENTE DE MORTE DA VÍTIMA,30.0
2024-06-25,A PRÓPRIA VÍTIMA,CASA DA VÍTIMA,IGUABA GRANDE,RJ,RISCO IMINENTE DE MORTE DA VÍTIMA,27.0
2024-02-08,A PRÓPRIA VÍTIMA,AMBIENTE VIRTUAL (NO ÂMBITO DA INTERNET),CAMPINAS,SP,RISCO IMINENTE DE MORTE DA VÍTIMA,26.0
2024-06-02,A PRÓPRIA VÍTIMA,CASA ONDE RESIDE A VÍTIMA E O SUSPEITO,SALINAS DA MARGARIDA,BA,RISCO IMINENTE DE MORTE DA VÍTIMA,26.0
2024-01-22,A PRÓPRIA VÍTIMA,CASA DA VÍTIMA,SÃO PAULO,SP,RISCO IMINENTE DE MORTE DA VÍTIMA,25.0
2024-01-13,TERCEIRO,CASA DA VÍTIMA,RIO DE JANEIRO,RJ,RISCO IMINENTE DE MORTE DA VÍTIMA,24.0
2024-02-01,TERCEIRO,CASA DA VÍTIMA,UBÁ,MG,RISCO IMINENTE DE MORTE DA VÍTIMA,24.0
2024-03-07,A PRÓPRIA VÍTIMA,CASA DE TERCEIRO,PORTO ALEGRE,RS,RISCO IMINENTE DE MORTE DA VÍTIMA,24.0
2024-04-03,TERCEIRO,VIA PÚBLICA,RIO DO SUL,SC,RISCO IMINENTE DE MORTE DA VÍTIMA,24.0
2024-02-20,A PRÓPRIA VÍTIMA,CASA DA VÍTIMA,CAMPOS DOS GOYTACAZES,RJ,RISCO IMINENTE DE MORTE DA VÍTIMA,24.0
2024-04-19,A PRÓPRIA VÍTIMA,VIA PÚBLICA,ALVORADA,RS,RISCO IMINENTE DE MORTE DA VÍTIMA,24.0
2024-03-04,A PRÓPRIA VÍTIMA,CASA ONDE RESIDE A VÍTIMA E O SUSPEITO,ARAPONGAS,PR,RISCO IMINENTE DE MORTE DA VÍTIMA,22.0
2024-03-04,A PRÓPRIA VÍTIMA,ÓRGÃOS PÚBLICOS,SANTOS DUMONT,MG,VÍTIMA EM SANGRAMENTO,22.0
2024-01-18,A PRÓPRIA VÍTIMA,CASA DA VÍTIMA,CARAPICUÍBA,SP,RISCO IMINENTE DE MORTE DA VÍTIMA,21.0
2024-03-28,TERCEIRO,CASA ONDE RESIDE A VÍTIMA E O SUSPEITO,FLORES DA CUNHA,RS,VÍTIMA EM SANGRAMENTO,20.0
2024-03-26,A PRÓPRIA VÍTIMA,CASA DO SUSPEITO,BELO HORIZONTE,MG,RISCO IMINENTE DE MORTE DA VÍTIMA,20.0
2024-04-10,A PRÓPRIA VÍTIMA,CASA ONDE RESIDE A VÍTIMA E O SUSPEITO,SÃO VICENTE,SP,RISCO IMINENTE DE MORTE DA VÍTIMA,20.0
2024-02-15,TERCEIRO,CASA DA VÍTIMA,PERUÍBE,SP,RISCO IMINENTE DE MORTE DA VÍTIMA,20.0
2024-05-29,TERCEIRO,LOCAL DE TRABALHO DA VÍTIMA,RECREIO,MG,RISCO IMINENTE DE MORTE DA VÍTIMA,20.0
2024-01-23,A PRÓPRIA VÍTIMA,CASA DA VÍTIMA,VASSOURAS,RJ,RISCO IMINENTE DE MORTE DA VÍTIMA,20.0
2024-06-02,TERCEIRO,CASA ONDE RESIDE A VÍTIMA E O SUSPEITO,OSASCO,SP,RISCO IMINENTE DE MORTE DA VÍTIMA,20.0
2024-03-10,TERCEIRO,CASA ONDE RESIDE A VÍTIMA E O SUSPEITO,UBAITABA,BA,RISCO IMINENTE DE MORTE DA VÍTIMA,19.0
2024-02-19,A PRÓPRIA VÍTIMA,CASA DA VÍTIMA,SÃO PAULO,SP,RISCO IMINENTE DE MORTE DA VÍTIMA,18.0
2024-01-31,TERCEIRO,CASA ONDE RESIDE A VÍTIMA E O SUSPEITO,RIO DE JANEIRO,RJ,RISCO IMINENTE DE MORTE DA VÍTIMA,18.0
2024-01-15,TERCEIRO,CASA DA VÍTIMA,SÃO JOAQUIM DA BARRA,SP,RISCO IMINENTE DE MORTE DA VÍTIMA,18.0
2024-03-05,A PRÓPRIA VÍTIMA,CASA ONDE RESIDE A VÍTIMA E O SUSPEITO,PORTO ALEGRE,RS,RISCO IMINENTE DE MORTE DA VÍTIMA,18.0
2024-04-25,TERCEIRO,CASA DA VÍTIMA,LIBERDADE,MG,RISCO IMINENTE DE MORTE DA VÍTIMA,17.0
2024-01-27,A PRÓPRIA VÍTIMA,CASA ONDE RESIDE A VÍTIMA E O SUSPEITO,MUNDO NOVO,BA,RISCO IMINENTE DE MORTE DA VÍTIMA,17.0
2024-02-13,TERCEIRO,CASA ONDE RESIDE A VÍTIMA E O SUSPEITO,CAMPOS DOS GOYTACAZES,RJ,RISCO IMINENTE DE MORTE DA VÍTIMA,17.0
2024-02-29,A PRÓPRIA VÍTIMA,CASA DA VÍTIMA,VISCONDE DO RIO BRANCO,MG,RISCO IMINENTE DE MORTE DA VÍTIMA,17.0
2024-05-19,TERCEIRO,OUTROS,CAMPINAS,SP,RISCO IMINENTE DE MORTE DA VÍTIMA,16.0
2024-02-02,A PRÓPRIA VÍTIMA,CASA DA VÍTIMA,RIBEIRÃO PRETO,SP,RISCO IMINENTE DE MORTE DA VÍTIMA,16.0
2024-06-05,TERCEIRO,CASA ONDE RESIDE A VÍTIMA E O SUSPEITO,CURITIBA,PR,RISCO IMINENTE DE MORTE DA VÍTIMA,16.0
2024-03-12,A PRÓPRIA VÍTIMA,CASA ONDE RESIDE A VÍTIMA E O SUSPEITO,ARAQUARI,SC,RISCO IMINENTE DE MORTE DA VÍTIMA,16.0
2024-05-31,TERCEIRO,CASA DA VÍTIMA,GUARATINGUETÁ,SP,RISCO IMINENTE DE MORTE DA VÍTIMA,16.0
2024-05-29,TERCEIRO,CASA DA VÍTIMA,GLORINHA,RS,RISCO IMINENTE DE MORTE DA VÍTIMA,16.0
2024-01-23,A PRÓPRIA VÍTIMA,CASA DA VÍTIMA,FEIRA DE SANTANA,BA,RISCO IMINENTE DE MORTE DA VÍTIMA,16.0
2024-04-28,A PRÓPRIA VÍTIMA,ESTABELECIMENTO DE SAÚDE,SÃO PAULO,SP,RISCO IMINENTE DE MORTE DA VÍTIMA,16.0
2024-06-10,A PRÓPRIA VÍTIMA,CASA ONDE RESIDE A VÍTIMA E O SUSPEITO,BARUERI,SP,RISCO IMINENTE DE MORTE DA VÍTIMA,16.0
2024-04-18,A PRÓPRIA VÍTIMA,CASA ONDE RESIDE A VÍTIMA E O SUSPEITO,FEIRA DE SANTANA,BA,RISCO IMINENTE DE MORTE DA VÍTIMA,16.0
2024-02-06,A PRÓPRIA VÍTIMA,LOCAL DE TRABALHO DA VÍTIMA,RIO DE JANEIRO,RJ,SITUAÇÃO FLAGRANTE - ATÉ 24H DA OCORRÊNCIA - SEM FREQUÊNCIA,16.0
2024-02-14,A PRÓPRIA VÍTIMA,CASA DO SUSPEITO,RIO DE JANEIRO,RJ,RISCO IMINENTE DE MORTE DA VÍTIMA,16.0
2024-01-24,A PRÓPRIA VÍTIMA,CASA DO SUSPEITO,SÃO PAULO,SP,RISCO IMINENTE DE MORTE DA VÍTIMA,16.0
2024-01-26,A PRÓPRIA VÍTIMA,CASA ONDE RESIDE A VÍTIMA E O SUSPEITO,CAMPINAS,SP,RISCO IMINENTE DE MORTE DA VÍTIMA,15.0
2024-03-07,TERCEIRO,CASA DA VÍTIMA,RIO DE JANEIRO,RJ,RISCO IMINENTE DE MORTE DA VÍTIMA,15.0
2024-04-07,TERCEIRO,CASA DA VÍTIMA,PARAPUÃ,SP,RISCO IMINENTE DE MORTE DA VÍTIMA,15.0
2024-03-22,TERCEIRO,CASA ONDE RESIDE A VÍTIMA E O SUSPEITO,SÃO PAULO,SP,RISCO IMINENTE DE MORTE DA VÍTIMA,15.0
2024-03-28,TERCEIRO,CASA ONDE RESIDE A VÍTIMA E O SUSPEITO,RIO DE JANEIRO,RJ,RISCO IMINENTE DE MORTE DA VÍTIMA,14.0
2024-03-25,A PRÓPRIA VÍTIMA,CASA DO SUSPEITO,ITABUNA,BA,RISCO IMINENTE DE MORTE DA VÍTIMA,14.0
2024-01-17,A PRÓPRIA VÍTIMA,CASA DA VÍTIMA,CAMPOS DOS GOYTACAZES,RJ,RISCO IMINENTE DE MORTE DA VÍTIMA,14.0
2024-04-01,TERCEIRO,CASA ONDE RESIDE A VÍTIMA E O SUSPEITO,SÃO PAULO,SP,RISCO IMINENTE DE MORTE DA VÍTIMA,14.0
2024-04-18,A PRÓPRIA VÍTIMA,CASA ONDE RESIDE A VÍTIMA E O SUSPEITO,VOLTA REDONDA,RJ,RISCO IMINENTE DE MORTE DA VÍTIMA,14.0
2024-01-22,TERCEIRO,CASA ONDE RESIDE A VÍTIMA E O SUSPEITO,SÃO PAULO,SP,RISCO IMINENTE DE MORTE DA VÍTIMA,14.0
2024-05-24,TERCEIRO,CASA DA VÍTIMA,BELO HORIZONTE,MG,RISCO IMINENTE DE MORTE DA VÍTIMA,14.0
2024-02-14,A PRÓPRIA VÍTIMA,CASA ONDE RESIDE A VÍTIMA E O SUSPEITO,CAMPINAS,SP,RISCO IMINENTE DE MORTE DA VÍTIMA,14.0
2024-04-16,TERCEIRO,CASA ONDE RESIDE A VÍTIMA E O SUSPEITO,CHAPECÓ,SC,RISCO IMINENTE DE MORTE DA VÍTIMA,14.0
2024-06-19,A PRÓPRIA VÍTIMA,CASA ONDE RESIDE A VÍTIMA E O SUSPEITO,BELO HORIZONTE,MG,RISCO IMINENTE DE MORTE DA VÍTIMA,14.0
2024-06-01,A PRÓPRIA VÍTIMA,CASA ONDE RESIDE A VÍTIMA E O SUSPEITO,RIO DE JANEIRO,RJ,RISCO IMINENTE DE MORTE DA VÍTIMA,14.0
2024-03-08,A PRÓPRIA VÍTIMA,OUTROS,RESENDE,RJ,RISCO IMINENTE DE MORTE DA VÍTIMA,14.0
2024-04-04,TERCEIRO,CASA DA VÍTIMA,RIO DE JANEIRO,RJ,RISCO IMINENTE DE MORTE DA VÍTIMA,14.0
2024-01-10,A PRÓPRIA VÍTIMA,CASA ONDE RESIDE A VÍTIMA E O SUSPEITO,FARROUPILHA,RS,RISCO IMINENTE DE MORTE DA VÍTIMA,14.0
2024-06-14,A PRÓPRIA VÍTIMA,CASA ONDE RESIDE A VÍTIMA E O SUSPEITO,PETRÓPOLIS,RJ,SITUAÇÃO FLAGRANTE - ATÉ 24H DA OCORRÊNCIA - SEM FREQUÊNCIA,14.0
2024-06-27,TERCEIRO,CASA DA VÍTIMA,FARROUPILHA,RS,RISCO IMINENTE DE MORTE DA VÍTIMA,13.0
2024-06-25,TERCEIRO,CASA ONDE RESIDE A VÍTIMA E O SUSPEITO,RIO DE JANEIRO,RJ,RISCO IMINENTE DE MORTE DA VÍTIMA,13.0
2024-01-08,A PRÓPRIA VÍTIMA,CASA DA VÍTIMA,PALMELO,GO,RISCO IMINENTE DE MORTE DA VÍTIMA,13.0
2024-01-23,A PRÓPRIA VÍTIMA,CASA DA VÍTIMA,RIO DE JANEIRO,RJ,RISCO IMINENTE DE MORTE DA VÍTIMA,13.0
2024-03-13,A PRÓPRIA VÍTIMA,CASA ONDE RESIDE A VÍTIMA E O SUSPEITO,RIO DE JANEIRO,RJ,RISCO IMINENTE DE MORTE DA VÍTIMA,13.0
2024-01-01,A PRÓPRIA VÍTIMA,CASA ONDE RESIDE A VÍTIMA E O SUSPEITO,PARÁ DE MINAS,MG,RISCO IMINENTE DE MORTE DA VÍTIMA,13.0
2024-06-28,A PRÓPRIA VÍTIMA,CASA DA VÍTIMA,BELO HORIZONTE,MG,RISCO IMINENTE DE MORTE DA VÍTIMA,13.0
2024-02-12,A PRÓPRIA VÍTIMA,CASA DA VÍTIMA,ANÁPOLIS,GO,RISCO IMINENTE DE MORTE DA VÍTIMA,13.0
2024-01-16,TERCEIRO,CASA DA VÍTIMA,VESPASIANO,MG,RISCO IMINENTE DE MORTE DA VÍTIMA,13.0
2024-02-08,TERCEIRO,CASA DA VÍTIMA,IPATINGA,MG,RISCO IMINENTE DE MORTE DA VÍTIMA,12.0
2024-04-21,A PRÓPRIA VÍTIMA,CASA DO SUSPEITO,SÃO PAULO,SP,RISCO IMINENTE DE MORTE DA VÍTIMA,12.0
2024-03-23,A PRÓPRIA VÍTIMA,CASA DA VÍTIMA,LIMEIRA,SP,RISCO IMINENTE DE MORTE DA VÍTIMA,12.0
2024-01-23,A PRÓPRIA VÍTIMA,CASA ONDE RESIDE A VÍTIMA E O SUSPEITO,SÃO PAULO,SP,RISCO IMINENTE DE MORTE DA VÍTIMA,12.0
2024-01-30,TERCEIRO,CASA DO SUSPEITO,SABARÁ,MG,RISCO IMINENTE DE MORTE DA VÍTIMA,12.0
2024-03-26,A PRÓPRIA VÍTIMA,CASA DA VÍTIMA,DIVINÓPOLIS,MG,RISCO IMINENTE DE MORTE DA VÍTIMA,12.0
2024-02-26,TERCEIRO,CASA ONDE RESIDE A VÍTIMA E O SUSPEITO,FORTALEZA,CE,RISCO IMINENTE DE MORTE DA VÍTIMA,12.0
2024-06-13,TERCEIRO,CASA ONDE RESIDE A VÍTIMA E O SUSPEITO,UBERLÂNDIA,MG,RISCO IMINENTE DE MORTE DA VÍTIMA,12.0
2024-03-12,A PRÓPRIA VÍTIMA,CASA ONDE RESIDE A VÍTIMA E O SUSPEITO,IMBITUBA,SC,RISCO IMINENTE DE MORTE DA VÍTIMA,12.0
2024-02-02,TERCEIRO,CASA DA VÍTIMA,SANTA HELENA DE GOIÁS,GO,RISCO IMINENTE DE MORTE DA VÍTIMA,12.0
2024-01-31,A PRÓPRIA VÍTIMA,CASA ONDE RESIDE A VÍTIMA E O SUSPEITO,SÃO PAULO,SP,RISCO IMINENTE DE MORTE DA VÍTIMA,12.0
2024-06-14,TERCEIRO,ESTABELECIMENTO DE SAÚDE,SÃO PAULO,SP,RISCO IMINENTE DE MORTE DA VÍTIMA,12.0
2024-03-02,A PRÓPRIA VÍTIMA,CASA DA VÍTIMA,PORTO ALEGRE,RS,RISCO IMINENTE DE MORTE DA VÍTIMA,12.0
2024-02-14,A PRÓPRIA VÍTIMA,CASA DA VÍTIMA,GUANAMBI,BA,RISCO IMINENTE DE MORTE DA VÍTIMA,12.0
2024-04-03,A PRÓPRIA VÍTIMA,AMBIENTE VIRTUAL (NO ÂMBITO DA INTERNET),PAULISTA,PE,RISCO IMINENTE DE MORTE DA VÍTIMA,12.0
2024-01-11,A PRÓPRIA VÍTIMA,CASA ONDE RESIDE A VÍTIMA E O SUSPEITO,RIO DE JANEIRO,RJ,SITUAÇÃO FLAGRANTE - ATÉ 24H DA OCORRÊNCIA - SEM FREQUÊNCIA,12.0
2024-05-13,TERCEIRO,CASA DA VÍTIMA,SÃO PAULO,SP,RISCO IMINENTE DE MORTE DA VÍTIMA,12.0
2024-05-15,A PRÓPRIA VÍTIMA,CASA DA VÍTIMA,PRAIA GRANDE,SP,RISCO IMINENTE DE MORTE DA VÍTIMA,12.0
2024-05-25,TERCEIRO,CASA ONDE RESIDE A VÍTIMA E O SUSPEITO,RECIFE,PE,RISCO IMINENTE DE MORTE DA VÍTIMA,12.0
2024-03-28,A PRÓPRIA VÍTIMA,CASA ONDE RESIDE A VÍTIMA E O SUSPEITO,BARRA MANSA,RJ,RISCO IMINENTE DE MORTE DA VÍTIMA,12.0
2024-03-06,TERCEIRO,MANICÔMIO/HOSPITAL PSIQUIÁTRICO/CASA DE SAÚDE MENTAL,GOIÂNIA,GO,RISCO IMINENTE DE MORTE DA VÍTIMA,12.0
2024-04-04,A PRÓPRIA VÍTIMA,AMBIENTE VIRTUAL (NO ÂMBITO DA INTERNET),SANTO ANDRÉ,SP,RISCO IMINENTE DE MORTE DA VÍTIMA,11.0
2024-06-23,A PRÓPRIA VÍTIMA,CASA ONDE RESIDE A VÍTIMA E O SUSPEITO,RIO DE JANEIRO,RJ,RISCO IMINENTE DE MORTE DA VÍTIMA,11.0
2024-02-03,A PRÓPRIA VÍTIMA,CASA ONDE RESIDE A VÍTIMA E O SUSPEITO,RIO DE JANEIRO,RJ,RISCO IMINENTE DE MORTE DA VÍTIMA,11.0
2024-04-15,A PRÓPRIA VÍTIMA,CASA DA VÍTIMA,UBERLÂNDIA,MG,RISCO IMINENTE DE MORTE DA VÍTIMA,11.0
2024-03-10,A PRÓPRIA VÍTIMA,CASA DO SUSPEITO,RIO GRANDE,RS,RISCO IMINENTE DE MORTE DA VÍTIMA,11.0
2024-04-17,A PRÓPRIA VÍTIMA,AMBIENTE VIRTUAL (NO ÂMBITO DA INTERNET),OURINHOS,SP,RISCO IMINENTE DE MORTE DA VÍTIMA,11.0
2024-01-24,A PRÓPRIA VÍTIMA,CASA ONDE RESIDE A VÍTIMA E O SUSPEITO,MAUÁ,SP,RISCO IMINENTE DE MORTE DA VÍTIMA,11.0
2024-03-27,A PRÓPRIA VÍTIMA,CASA ONDE RESIDE A VÍTIMA E O SUSPEITO,CAMPOS DOS GOYTACAZES,RJ,RISCO IMINENTE DE MORTE DA VÍTIMA,11.0
2024-02-14,A PRÓPRIA VÍTIMA,CASA DE FAMILIARES,BELFORD ROXO,RJ,RISCO IMINENTE DE MORTE DA VÍTIMA,11.0
2024-06-11,A PRÓPRIA VÍTIMA,CASA ONDE RESIDE A VÍTIMA E O SUSPEITO,GUARULHOS,SP,RISCO IMINENTE DE MORTE DA VÍTIMA,11.0
2024-01-19,A PRÓPRIA VÍTIMA,CASA ONDE RESIDE A VÍTIMA E O SUSPEITO,FERRAZ DE VASCONCELOS,SP,RISCO IMINENTE DE MORTE DA VÍTIMA,11.0
2024-01-12,A PRÓPRIA VÍTIMA,AMBIENTE VIRTUAL (NO ÂMBITO DA INTERNET),BELO HORIZONTE,MG,RISCO IMINENTE DE MORTE DA VÍTIMA,11.0
2024-01-13,A PRÓPRIA VÍTIMA,CASA ONDE RESIDE A VÍTIMA E O SUSPEITO,SÃO BENTO DO SUL,SC,RISCO IMINENTE DE MORTE DA VÍTIMA,11.0
2024-06-04,TERCEIRO,OUTROS,BRUSQUE,SC,RISCO IMINENTE DE MORTE DA VÍTIMA,11.0
2024-03-28,A PRÓPRIA VÍTIMA,CASA ONDE RESIDE A VÍTIMA E O SUSPEITO,ITAPEVI,SP,RISCO IMINENTE DE MORTE DA VÍTIMA,11.0
2024-06-10,TERCEIRO,CASA ONDE RESIDE A VÍTIMA E O SUSPEITO,BIRIGUI,SP,RISCO IMINENTE DE MORTE DA VÍTIMA,11.0
2024-02-11,A PRÓPRIA VÍTIMA,CASA ONDE RESIDE A VÍTIMA E O SUSPEITO,BALNEÁRIO PIÇARRAS,SC,RISCO IMINENTE DE MORTE DA VÍTIMA,11.0
2024-01-29,TERCEIRO,ESTABELECIMENTO DE SAÚDE,SÃO PAULO,SP,RISCO IMINENTE DE MORTE DA VÍTIMA,10.0
2024-04-06,TERCEIRO,CASA ONDE RESIDE A VÍTIMA E O SUSPEITO,CUNHA,SP,VÍTIMA EM SANGRAMENTO,10.0
2024-02-06,A PRÓPRIA VÍTIMA,AMBIENTE VIRTUAL (NO ÂMBITO DA INTERNET),RIO DE JANEIRO,RJ,SITUAÇÃO FLAGRANTE - ATÉ 24H DA OCORRÊNCIA - SEM FREQUÊNCIA,10.0
2024-02-10,TERCEIRO,CASA DA VÍTIMA,ITAQUAQUECETUBA,SP,RISCO IMINENTE DE MORTE DA VÍTIMA,10.0
2024-02-12,TERCEIRO,CASA ONDE RESIDE A VÍTIMA E O SUSPEITO,CONSELHEIRO LAFAIETE,MG,RISCO IMINENTE DE MORTE DA VÍTIMA,10.0
2024-04-10,A PRÓPRIA VÍTIMA,OUTROS,IPU,CE,RISCO IMINENTE DE MORTE DA VÍTIMA,10.0
2024-04-04,A PRÓPRIA VÍTIMA,CASA ONDE RESIDE A VÍTIMA E O SUSPEITO,VOLTA REDONDA,RJ,RISCO IMINENTE DE MORTE DA VÍTIMA,10.0
2024-02-03,TERCEIRO,CASA DA VÍTIMA,IBIRAPITANGA,BA,RISCO IMINENTE DE MORTE DA VÍTIMA,10.0
2024-03-30,A PRÓPRIA VÍTIMA,CASA ONDE RESIDE A VÍTIMA E O SUSPEITO,RIO DE JANEIRO,RJ,RISCO IMINENTE DE MORTE DA VÍTIMA,10.0
2024-04-10,A PRÓPRIA VÍTIMA,AMBIENTE VIRTUAL (NO ÂMBITO DA INTERNET),FORTALEZA,CE,RISCO IMINENTE DE MORTE DA VÍTIMA,10.0
2024-05-15,A PRÓPRIA VÍTIMA,CASA DA VÍTIMA,RECIFE,PE,RISCO IMINENTE DE MORTE DA VÍTIMA,10.0
2024-04-16,TERCEIRO,CASA ONDE RESIDE A VÍTIMA E O SUSPEITO,RIO DE JANEIRO,RJ,RISCO IMINENTE DE MORTE DA VÍTIMA,10.0
2024-05-21,A PRÓPRIA VÍTIMA,CASA DA VÍTIMA,ATIBAIA,SP,RISCO IMINENTE DE MORTE DA VÍTIMA,10.0
2024-06-01,TERCEIRO,CASA ONDE RESIDE A VÍTIMA E O SUSPEITO,PETRÓPOLIS,RJ,RISCO IMINENTE DE MORTE DA VÍTIMA,10.0
2024-06-03,A PRÓPRIA VÍTIMA,CASA ONDE RESIDE A VÍTIMA E O SUSPEITO,SÃO PAULO,SP,RISCO IMINENTE DE MORTE DA VÍTIMA,10.0
2024-06-10,A PRÓPRIA VÍTIMA,AMBIENTE VIRTUAL (NO ÂMBITO DA INTERNET),SÃO PAULO,SP,RISCO IMINENTE DE MORTE DA VÍTIMA,10.0
2024-03-11,A PRÓPRIA VÍTIMA,INSTITUIÇÃO DE ENSINO,PETRÓPOLIS,RJ,SITUAÇÃO FLAGRANTE - ATÉ 24H DA OCORRÊNCIA - SEM FREQUÊNCIA,10.0
2024-03-11,A PRÓPRIA VÍTIMA,ESTABELECIMENTO COMERCIAL,SÃO PAULO,SP,RISCO IMINENTE DE MORTE DA VÍTIMA,10.0
2024-03-09,A PRÓPRIA VÍTIMA,CASA ONDE RESIDE A VÍTIMA E O SUSPEITO,MIGUEL PEREIRA,RJ,RISCO IMINENTE DE MORTE DA VÍTIMA,10.0
2024-03-09,A PRÓPRIA VÍTIMA,CASA DE FAMILIARES,RIO DE JANEIRO,RJ,RISCO IMINENTE DE MORTE DA VÍTIMA,10.0
2024-06-18,TERCEIRO,CASA DA VÍTIMA,OSASCO,SP,RISCO IMINENTE DE MORTE DA VÍTIMA,10.0
2024-06-18,TERCEIRO,CASA ONDE RESIDE A VÍTIMA E O SUSPEITO,SÃO PAULO,SP,RISCO IMINENTE DE MORTE DA VÍTIMA,10.0
2024-06-25,TERCEIRO,CASA ONDE RESIDE A VÍTIMA E O SUSPEITO,ANGICAL,BA,RISCO IMINENTE DE MORTE DA VÍTIMA,10.0
2024-01-04,A PRÓPRIA VÍTIMA,CASA DA VÍTIMA,ITAGUAÍ,RJ,RISCO IMINENTE DE MORTE DA VÍTIMA,10.0
2024-01-03,A PRÓPRIA VÍTIMA,CASA ONDE RESIDE A VÍTIMA E O SUSPEITO,BARBACENA,MG,RISCO IMINENTE DE MORTE DA VÍTIMA,10.0
2024-03-05,A PRÓPRIA VÍTIMA,CASA DA VÍTIMA,SÃO VICENTE,SP,RISCO IMINENTE DE MORTE DA VÍTIMA,10.0
2024-01-02,A PRÓPRIA VÍTIMA,CASA ONDE RESIDE A VÍTIMA E O SUSPEITO,PANORAMA,SP,SITUAÇÃO FLAGRANTE - ATÉ 24H DA OCORRÊNCIA - SEM FREQUÊNCIA,10.0
2024-03-05,A PRÓPRIA VÍTIMA,CASA ONDE RESIDE A VÍTIMA E O SUSPEITO,SANTO ANDRÉ,SP,RISCO IMINENTE DE MORTE DA VÍTIMA,10.0
2024-05-24,TERCEIRO,CASA ONDE RESIDE A VÍTIMA E O SUSPEITO,TIMÓTEO,MG,RISCO IMINENTE DE MORTE DA VÍTIMA,10.0
2024-05-30,A PRÓPRIA VÍTIMA,CASA ONDE RESIDE A VÍTIMA E O SUSPEITO,PRAIA GRANDE,SP,RISCO IMINENTE DE MORTE DA VÍTIMA,10.0
2024-02-18,A PRÓPRIA VÍTIMA,CASA DA VÍTIMA,SALGUEIRO,PE,RISCO IMINENTE DE MORTE DA VÍTIMA,10.0
2024-03-06,A PRÓPRIA VÍTIMA,CASA DA VÍTIMA,GÁLIA,SP,RISCO IMINENTE DE MORTE DA VÍTIMA,10.0
2024-01-19,TERCEIRO,CASA ONDE RESIDE A VÍTIMA E O SUSPEITO,CARAGUATATUBA,SP,RISCO IMINENTE DE MORTE DA VÍTIMA,10.0
2024-03-17,TERCEIRO,CASA ONDE RESIDE A VÍTIMA E O SUSPEITO,ALFENAS,MG,RISCO IMINENTE DE MORTE DA VÍTIMA,10.0
2024-04-29,A PRÓPRIA VÍTIMA,CASA DE FAMILIARES,OSASCO,SP,RISCO IMINENTE DE MORTE DA VÍTIMA,10.0
2024-04-30,A PRÓPRIA VÍTIMA,CASA ONDE RESIDE A VÍTIMA E O SUSPEITO,BELO HORIZONTE,MG,RISCO IMINENTE DE MORTE DA VÍTIMA,10.0
2024-03-19,A PRÓPRIA VÍTIMA,CASA DA VÍTIMA,GOIÂNIA,GO,RISCO IMINENTE DE MORTE DA VÍTIMA,10.0
2024-01-22,TERCEIRO,CASA ONDE RESIDE A VÍTIMA E O SUSPEITO,MATO CASTELHANO,RS,RISCO IMINENTE DE MORTE DA VÍTIMA,10.0
2024-01-22,A PRÓPRIA VÍTIMA,CASA DO SUSPEITO,SUZANO,SP,RISCO IMINENTE DE MORTE DA VÍTIMA,10.0
2024-03-08,A PRÓPRIA VÍTIMA,CASA ONDE RESIDE A VÍTIMA E O SUSPEITO,LAURO DE FREITAS,BA,RISCO IMINENTE DE MORTE DA VÍTIMA,9.0
2024-03-05,TERCEIRO,CASA DA VÍTIMA,VIAMÃO,RS,RISCO IMINENTE DE MORTE DA VÍTIMA,9.0
2024-02-16,A PRÓPRIA VÍTIMA,CASA DA VÍTIMA,COLOMBO,PR,RISCO IMINENTE DE MORTE DA VÍTIMA,9.0
2024-03-24,TERCEIRO,CASA ONDE RESIDE A VÍTIMA E O SUSPEITO,SOROCABA,SP,RISCO IMINENTE DE MORTE DA VÍTIMA,9.0
2024-03-07,A PRÓPRIA VÍTIMA,CASA ONDE RESIDE A VÍTIMA E O SUSPEITO,RIO DE JANEIRO,RJ,RISCO IMINENTE DE MORTE DA VÍTIMA,9.0
2024-02-13,A PRÓPRIA VÍTIMA,CASA ONDE RESIDE A VÍTIMA E O SUSPEITO,ARMAÇÃO DOS BÚZIOS,RJ,RISCO IMINENTE DE MORTE DA VÍTIMA,9.0
2024-02-18,A PRÓPRIA VÍTIMA,CASA DA VÍTIMA,RIO DE JANEIRO,RJ,RISCO IMINENTE DE MORTE DA VÍTIMA,9.0
2024-03-14,TERCEIRO,CASA ONDE RESIDE A VÍTIMA E O SUSPEITO,VIDEIRA,SC,RISCO IMINENTE DE MORTE DA VÍTIMA,9.0
2024-03-21,A PRÓPRIA VÍTIMA,CASA DA VÍTIMA,BIRITIBA MIRIM,SP,RISCO IMINENTE DE MORTE DA VÍTIMA,9.0
2024-03-11,A PRÓPRIA VÍTIMA,CASA DA VÍTIMA,RIO DE JANEIRO,RJ,RISCO IMINENTE DE MORTE DA VÍTIMA,9.0
2024-03-18,TERCEIRO,CASA ONDE RESIDE A VÍTIMA E O SUSPEITO,RIO DE JANEIRO,RJ,RISCO IMINENTE DE MORTE DA VÍTIMA,9.0
2024-03-18,A PRÓPRIA VÍTIMA,CASA DA VÍTIMA,SOROCABA,SP,RISCO IMINENTE DE MORTE DA VÍTIMA,9.0
2024-03-12,A PRÓPRIA VÍTIMA,OUTROS,CIDADE OCIDENTAL,GO,RISCO IMINENTE DE MORTE DA VÍTIMA,9.0
2024-02-15,TERCEIRO,CASA DA VÍTIMA,CONTAGEM,MG,RISCO IMINENTE DE MORTE DA VÍTIMA,9.0
2024-02-21,A PRÓPRIA VÍTIMA,CASA ONDE RESIDE A VÍTIMA E O SUSPEITO,POUSO REDONDO,SC,RISCO IMINENTE DE MORTE DA VÍTIMA,9.0
2024-01-28,A PRÓPRIA VÍTIMA,CASA DA VÍTIMA,RIO DE JANEIRO,RJ,RISCO IMINENTE DE MORTE DA VÍTIMA,9.0
2024-03-06,TERCEIRO,CASA ONDE RESIDE A VÍTIMA E O SUSPEITO,PRESIDENTE PRUDENTE,SP,RISCO IMINENTE DE MORTE DA VÍTIMA,9.0
2024-03-30,A PRÓPRIA VÍTIMA,CASA DA VÍTIMA,FORTALEZA,CE,RISCO IMINENTE DE MORTE DA VÍTIMA,9.0
2024-01-10,TERCEIRO,CASA DA VÍTIMA,PONTA GROSSA,PR,RISCO IMINENTE DE MORTE DA VÍTIMA,9.0
2024-05-11,A PRÓPRIA VÍTIMA,CASA DA VÍTIMA,GUARULHOS,SP,RISCO IMINENTE DE MORTE DA VÍTIMA,9.0
2024-01-20,A PRÓPRIA VÍTIMA,CASA DA VÍTIMA,SÃO SEBASTIÃO DO PARAÍSO,MG,RISCO IMINENTE DE MORTE DA VÍTIMA,9.0
2024-01-17,TERCEIRO,CASA DA VÍTIMA,LAGES,SC,RISCO IMINENTE DE MORTE DA VÍTIMA,9.0
2024-05-30,TERCEIRO,CASA DA VÍTIMA,JABOATÃO DOS GUARARAPES,PE,RISCO IMINENTE DE MORTE DA VÍTIMA,9.0
2024-01-14,A PRÓPRIA VÍTIMA,CASA ONDE RESIDE A VÍTIMA E O SUSPEITO,DESCOBERTO,MG,VÍTIMA EM SANGRAMENTO,9.0
2024-01-13,A PRÓPRIA VÍTIMA,CASA ONDE RESIDE A VÍTIMA E O SUSPEITO,QUEIMADOS,RJ,RISCO IMINENTE DE MORTE DA VÍTIMA,9.0
2024-06-02,TERCEIRO,CASA ONDE RESIDE A VÍTIMA E O SUSPEITO,ARARUAMA,RJ,RISCO IMINENTE DE MORTE DA VÍTIMA,9.0
2024-01-11,A PRÓPRIA VÍTIMA,CASA DA VÍTIMA,JAPERI,RJ,RISCO IMINENTE DE MORTE DA VÍTIMA,9.0
2024-01-10,A PRÓPRIA VÍTIMA,CASA DA VÍTIMA,RIO DE JANEIRO,RJ,RISCO IMINENTE DE MORTE DA VÍTIMA,9.0
2024-01-23,A PRÓPRIA VÍTIMA,CASA ONDE RESIDE A VÍTIMA E O SUSPEITO,PORTO ALEGRE,RS,RISCO IMINENTE DE MORTE DA VÍTIMA,9.0
2024-01-09,TERCEIRO,CASA ONDE RESIDE A VÍTIMA E O SUSPEITO,ITUIUTABA,MG,RISCO IMINENTE DE MORTE DA VÍTIMA,9.0
2024-06-17,A PRÓPRIA VÍTIMA,CASA DA VÍTIMA,CAMPOS DO JORDÃO,SP,RISCO IMINENTE DE MORTE DA VÍTIMA,9.0
2024-01-06,A PRÓPRIA VÍTIMA,CASA ONDE RESIDE A VÍTIMA E O SUSPEITO,RIO DE JANEIRO,RJ,SITUAÇÃO FLAGRANTE - ATÉ 24H DA OCORRÊNCIA - SEM FREQUÊNCIA,9.0
2024-06-20,TERCEIRO,CASA ONDE RESIDE A VÍTIMA E O SUSPEITO,CAMPOS DOS GOYTACAZES,RJ,RISCO IMINENTE DE MORTE DA VÍTIMA,9.0
2024-06-23,TERCEIRO,CASA ONDE RESIDE A VÍTIMA E O SUSPEITO,SÃO PAULO,SP,RISCO IMINENTE DE MORTE DA VÍTIMA,9.0
2024-06-26,TERCEIRO,CASA ONDE RESIDE A VÍTIMA E O SUSPEITO,RECIFE,PE,RISCO IMINENTE DE MORTE DA VÍTIMA,9.0
2024-01-02,A PRÓPRIA VÍTIMA,LOCAL DE TRABALHO DA VÍTIMA,CARAPICUÍBA,SP,RISCO IMINENTE DE MORTE DA VÍTIMA,9.0
2024-01-02,A PRÓPRIA VÍTIMA,CASA ONDE RESIDE A VÍTIMA E O SUSPEITO,NITERÓI,RJ,RISCO IMINENTE DE MORTE DA VÍTIMA,9.0
2024-05-05,TERCEIRO,CASA DA VÍTIMA,SANTO ANTÔNIO DO DESCOBERTO,GO,RISCO IMINENTE DE MORTE DA VÍTIMA,9.0
2024-05-13,TERCEIRO,CASA ONDE RESIDE A VÍTIMA E O SUSPEITO,BARÃO DE MONTE ALTO,MG,RISCO IMINENTE DE MORTE DA VÍTIMA,9.0
2024-02-01,TERCEIRO,CASA DA VÍTIMA,ANÁPOLIS,GO,RISCO IMINENTE DE MORTE DA VÍTIMA,9.0
2024-02-06,A PRÓPRIA VÍTIMA,CASA DO SUSPEITO,RECIFE,PE,RISCO IMINENTE DE MORTE DA VÍTIMA,9.0
2024-04-08,A PRÓPRIA VÍTIMA,CASA DA VÍTIMA,SERRINHA,BA,RISCO IMINENTE DE MORTE DA VÍTIMA,9.0
2024-01-29,A PRÓPRIA VÍTIMA,CASA ONDE RESIDE A VÍTIMA E O SUSPEITO,SALVADOR,BA,RISCO IMINENTE DE MORTE DA VÍTIMA,9.0
2024-04-27,TERCEIRO,CASA DA VÍTIMA,PORTO ALEGRE,RS,RISCO IMINENTE DE MORTE DA VÍTIMA,9.0
2024-04-05,A PRÓPRIA VÍTIMA,AMBIENTE VIRTUAL (NO ÂMBITO DA INTERNET),RIO DE JANEIRO,RJ,RISCO IMINENTE DE MORTE DA VÍTIMA,9.0
2024-02-03,TERCEIRO,CASA DA VÍTIMA,OLINDA,PE,RISCO IMINENTE DE MORTE DA VÍTIMA,9.0
2024-04-07,A PRÓPRIA VÍTIMA,ESTABELECIMENTO COMERCIAL,CATAGUASES,MG,RISCO IMINENTE DE MORTE DA VÍTIMA,9.0
2024-03-31,A PRÓPRIA VÍTIMA,CASA ONDE RESIDE A VÍTIMA E O SUSPEITO,BELO HORIZONTE,MG,RISCO IMINENTE DE MORTE DA VÍTIMA,9.0
2024-06-16,A PRÓPRIA VÍTIMA,CASA DA VÍTIMA,MAUÁ,SP,RISCO IMINENTE DE MORTE DA VÍTIMA,8.0
2024-06-14,A PRÓPRIA VÍTIMA,CASA ONDE RESIDE A VÍTIMA E O SUSPEITO,SAQUAREMA,RJ,RISCO IMINENTE DE MORTE DA VÍTIMA,8.0
2024-04-07,A PRÓPRIA VÍTIMA,CASA DA VÍTIMA,RUY BARBOSA,BA,RISCO IMINENTE DE MORTE DA VÍTIMA,8.0
2024-06-30,TERCEIRO,CASA DA VÍTIMA,RIO DE JANEIRO,RJ,RISCO IMINENTE DE MORTE DA VÍTIMA,8.0
2024-04-05,TERCEIRO,CASA ONDE RESIDE A VÍTIMA E O SUSPEITO,SENHOR DO BONFIM,BA,RISCO IMINENTE DE MORTE DA VÍTIMA,8.0
2024-06-15,A PRÓPRIA VÍTIMA,CASA DA VÍTIMA,ALTO HORIZONTE,GO,RISCO IMINENTE DE MORTE DA VÍTIMA,8.0
2024-06-15,A PRÓPRIA VÍTIMA,CASA ONDE RESIDE A VÍTIMA E O SUSPEITO,UBERLÂNDIA,MG,RISCO IMINENTE DE MORTE DA VÍTIMA,8.0
2024-06-15,TERCEIRO,CASA ONDE RESIDE A VÍTIMA E O SUSPEITO,SÃO CARLOS,SP,RISCO IMINENTE DE MORTE DA VÍTIMA,8.0
2024-06-26,TERCEIRO,CASA DA VÍTIMA,BANABUIÚ,CE,RISCO IMINENTE DE MORTE DA VÍTIMA,8.0
2024-04-04,A PRÓPRIA VÍTIMA,CASA DA VÍTIMA,BELO HORIZONTE,MG,RISCO IMINENTE DE MORTE DA VÍTIMA,8.0
2024-06-29,A PRÓPRIA VÍTIMA,CASA DA VÍTIMA,CONTAGEM,MG,RISCO IMINENTE DE MORTE DA VÍTIMA,8.0
2024-03-27,TERCEIRO,CASA ONDE RESIDE A VÍTIMA E O SUSPEITO,ITAQUAQUECETUBA,SP,RISCO IMINENTE DE MORTE DA VÍTIMA,8.0
2024-06-17,TERCEIRO,CASA ONDE RESIDE A VÍTIMA E O SUSPEITO,GOIÂNIA,GO,RISCO IMINENTE DE MORTE DA VÍTIMA,8.0
2024-06-14,A PRÓPRIA VÍTIMA,CASA DA VÍTIMA,ITABERABA,BA,RISCO IMINENTE DE MORTE DA VÍTIMA,8.0
2024-06-18,TERCEIRO,ESTABELECIMENTO DE SAÚDE,DUQUE DE CAXIAS,RJ,RISCO IMINENTE DE MORTE DA VÍTIMA,8.0
2024-06-19,TERCEIRO,CASA ONDE RESIDE A VÍTIMA E O SUSPEITO,RIO DE JANEIRO,RJ,RISCO IMINENTE DE MORTE DA VÍTIMA,8.0
2024-04-02,A PRÓPRIA VÍTIMA,CASA DA VÍTIMA,DOIS CÓRREGOS,SP,RISCO IMINENTE DE MORTE DA VÍTIMA,8.0
2024-03-08,A PRÓPRIA VÍTIMA,CASA ONDE RESIDE A VÍTIMA E O SUSPEITO,NOVA IGUAÇU,RJ,RISCO IMINENTE DE MORTE DA VÍTIMA,8.0
2024-04-30,A PRÓPRIA VÍTIMA,CASA ONDE RESIDE A VÍTIMA E O SUSPEITO,NOVA IGUAÇU,RJ,RISCO IMINENTE DE MORTE DA VÍTIMA,8.0
2024-03-11,A PRÓPRIA VÍTIMA,CASA ONDE RESIDE A VÍTIMA E O SUSPEITO,VOLTA REDONDA,RJ,RISCO IMINENTE DE MORTE DA VÍTIMA,8.0
2024-04-30,A PRÓPRIA VÍTIMA,CASA ONDE RESIDE A VÍTIMA E O SUSPEITO,SÃO PAULO,SP,RISCO IMINENTE DE MORTE DA VÍTIMA,8.0
2024-05-01,A PRÓPRIA VÍTIMA,CASA ONDE RESIDE A VÍTIMA E O SUSPEITO,PORTO ALEGRE,RS,RISCO IMINENTE DE MORTE DA VÍTIMA,8.0
2024-04-29,A PRÓPRIA VÍTIMA,AMBIENTE VIRTUAL (NO ÂMBITO DA INTERNET),TAQUARITINGA,SP,RISCO IMINENTE DE MORTE DA VÍTIMA,8.0
2024-05-02,A PRÓPRIA VÍTIMA,CASA DE FAMILIARES,BIGUAÇU,SC,RISCO IMINENTE DE MORTE DA VÍTIMA,8.0
2024-05-03,A PRÓPRIA VÍTIMA,CASA DA VÍTIMA,NAVEGANTES,SC,RISCO IMINENTE DE MORTE DA VÍTIMA,8.0
2024-05-03,TERCEIRO,CASA DA VÍTIMA,SÃO PAULO,SP,SITUAÇÃO FLAGRANTE - ATÉ 24H DA OCORRÊNCIA - SEM FREQUÊNCIA,8.0
2024-03-20,TERCEIRO,CASA DA VÍTIMA,BELO HORIZONTE,MG,RISCO IMINENTE DE MORTE DA VÍTIMA,8.0
2024-03-20,A PRÓPRIA VÍTIMA,CASA ONDE RESIDE A VÍTIMA E O SUSPEITO,SÃO PAULO,SP,RISCO IMINENTE DE MORTE DA VÍTIMA,8.0
2024-05-05,A PRÓPRIA VÍTIMA,AMBIENTE VIRTUAL (NO ÂMBITO DA INTERNET),SÃO JOÃO DE MERITI,RJ,SITUAÇÃO FLAGRANTE - ATÉ 24H DA OCORRÊNCIA - SEM FREQUÊNCIA,8.0
2024-05-05,A PRÓPRIA VÍTIMA,CASA DA VÍTIMA,MONTE APRAZÍVEL,SP,RISCO IMINENTE DE MORTE DA VÍTIMA,8.0
2024-05-06,A PRÓPRIA VÍTIMA,CASA DA VÍTIMA,SÃO PAULO,SP,RISCO IMINENTE DE MORTE DA VÍTIMA,8.0
2024-04-18,TERCEIRO,CASA ONDE RESIDE A VÍTIMA E O SUSPEITO,SÃO LOURENÇO,MG,RISCO IMINENTE DE MORTE DA VÍTIMA,8.0
2024-03-18,TERCEIRO,CASA ONDE RESIDE A VÍTIMA E O SUSPEITO,PIRACICABA,SP,RISCO IMINENTE DE MORTE DA VÍTIMA,8.0
2024-03-31,A PRÓPRIA VÍTIMA,CASA DA VÍTIMA,RIO DE JANEIRO,RJ,RISCO IMINENTE DE MORTE DA VÍTIMA,8.0
2024-05-18,TERCEIRO,CASA ONDE RESIDE A VÍTIMA E O SUSPEITO,PORTO ALEGRE,RS,RISCO IMINENTE DE MORTE DA VÍTIMA,8.0
2024-04-16,A PRÓPRIA VÍTIMA,CASA ONDE RESIDE A VÍTIMA E O SUSPEITO,RIO DE JANEIRO,RJ,RISCO IMINENTE DE MORTE DA VÍTIMA,8.0
2024-05-24,A PRÓPRIA VÍTIMA,CASA ONDE RESIDE A VÍTIMA E O SUSPEITO,CAMPOS DOS GOYTACAZES,RJ,RISCO IMINENTE DE MORTE DA VÍTIMA,8.0
2024-04-14,A PRÓPRIA VÍTIMA,CASA DA VÍTIMA,ARMAÇÃO DOS BÚZIOS,RJ,SITUAÇÃO FLAGRANTE - ATÉ 24H DA OCORRÊNCIA - SEM FREQUÊNCIA,8.0
2024-04-11,TERCEIRO,CASA ONDE RESIDE A VÍTIMA E O SUSPEITO,SÃO PAULO,SP,RISCO IMINENTE DE MORTE DA VÍTIMA,8.0
2024-04-09,A PRÓPRIA VÍTIMA,CASA DA VÍTIMA,RIO DE JANEIRO,RJ,RISCO IMINENTE DE MORTE DA VÍTIMA,8.0
2024-06-03,TERCEIRO,CASA ONDE RESIDE A VÍTIMA E O SUSPEITO,SÃO PAULO,SP,RISCO IMINENTE DE MORTE DA VÍTIMA,8.0
2024-06-11,TERCEIRO,CASA ONDE RESIDE A VÍTIMA E O SUSPEITO,SÃO PAULO,SP,RISCO IMINENTE DE MORTE DA VÍTIMA,8.0
2024-01-01,A PRÓPRIA VÍTIMA,CASA DA VÍTIMA,NITERÓI,RJ,SITUAÇÃO FLAGRANTE - ATÉ 24H DA OCORRÊNCIA - SEM FREQUÊNCIA,8.0
2024-03-20,TERCEIRO,CASA ONDE RESIDE A VÍTIMA E O SUSPEITO,PONTAL DO PARANÁ,PR,RISCO IMINENTE DE MORTE DA VÍTIMA,8.0
2024-01-13,A PRÓPRIA VÍTIMA,CASA ONDE RESIDE A VÍTIMA E O SUSPEITO,ITABIRA,MG,RISCO IMINENTE DE MORTE DA VÍTIMA,8.0
2024-03-01,A PRÓPRIA VÍTIMA,LOCAL DE TRABALHO DA VÍTIMA,ANGELINA,SC,RISCO IMINENTE DE MORTE DA VÍTIMA,8.0
2024-02-07,A PRÓPRIA VÍTIMA,CASA ONDE RESIDE A VÍTIMA E O SUSPEITO,ITAPERUNA,RJ,SITUAÇÃO FLAGRANTE - ATÉ 24H DA OCORRÊNCIA - SEM FREQUÊNCIA,8.0
2024-01-16,A PRÓPRIA VÍTIMA,CASA DO SUSPEITO,SÃO PAULO,SP,SITUAÇÃO FLAGRANTE - ATÉ 24H DA OCORRÊNCIA - SEM FREQUÊNCIA,8.0
2024-01-28,A PRÓPRIA VÍTIMA,CASA DA VÍTIMA,NITERÓI,RJ,SITUAÇÃO FLAGRANTE - ATÉ 24H DA OCORRÊNCIA - SEM FREQUÊNCIA,8.0
2024-01-26,A PRÓPRIA VÍTIMA,OUTROS,CAMPINAS,SP,RISCO IMINENTE DE MORTE DA VÍTIMA,8.0
2024-01-31,A PRÓPRIA VÍTIMA,CASA DA VÍTIMA,SÃO PAULO,SP,RISCO IMINENTE DE MORTE DA VÍTIMA,8.0
2024-02-07,A PRÓPRIA VÍTIMA,CASA DA VÍTIMA,SÃO PAULO,SP,RISCO IMINENTE DE MORTE DA VÍTIMA,8.0
2024-02-21,A PRÓPRIA VÍTIMA,CASA ONDE RESIDE A VÍTIMA E O SUSPEITO,DOUTOR CAMARGO,PR,RISCO IMINENTE DE MORTE DA VÍTIMA,8.0
2024-02-12,TERCEIRO,CASA ONDE RESIDE A VÍTIMA E O SUSPEITO,SANTA MARIA,RS,RISCO IMINENTE DE MORTE DA VÍTIMA,8.0
2024-01-23,TERCEIRO,CASA ONDE RESIDE A VÍTIMA E O SUSPEITO,PIRACICABA,SP,RISCO IMINENTE DE MORTE DA VÍTIMA,8.0
2024-02-28,A PRÓPRIA VÍTIMA,CASA ONDE RESIDE A VÍTIMA E O SUSPEITO,CONGONHAL,MG,RISCO IMINENTE DE MORTE DA VÍTIMA,8.0
2024-01-31,A PRÓPRIA VÍTIMA,CASA ONDE RESIDE A VÍTIMA E O SUSPEITO,SÃO GONÇALO,RJ,RISCO IMINENTE DE MORTE DA VÍTIMA,8.0
2024-02-07,A PRÓPRIA VÍTIMA,CASA DA VÍTIMA,IATI,PE,SITUAÇÃO FLAGRANTE - ATÉ 24H DA OCORRÊNCIA - SEM FREQUÊNCIA,8.0
2024-01-17,A PRÓPRIA VÍTIMA,CASA DO SUSPEITO,LEOPOLDINA,MG,RISCO IMINENTE DE MORTE DA VÍTIMA,8.0
2024-01-26,A PRÓPRIA VÍTIMA,CASA ONDE RESIDE A VÍTIMA E O SUSPEITO,RESENDE,RJ,RISCO IMINENTE DE MORTE DA VÍTIMA,8.0
2024-01-11,A PRÓPRIA VÍTIMA,CASA ONDE RESIDE A VÍTIMA E O SUSPEITO,SALVADOR,BA,RISCO IMINENTE DE MORTE DA VÍTIMA,8.0
2024-01-20,A PRÓPRIA VÍTIMA,CASA DO SUSPEITO,ANDRADAS,MG,RISCO IMINENTE DE MORTE DA VÍTIMA,8.0
2024-01-22,A PRÓPRIA VÍTIMA,CASA DA VÍTIMA,JEQUIÉ,BA,RISCO IMINENTE DE MORTE DA VÍTIMA,8.0
2024-02-02,TERCEIRO,CASA ONDE RESIDE A VÍTIMA E O SUSPEITO,TRAJANO DE MORAES,RJ,RISCO IMINENTE DE MORTE DA VÍTIMA,8.0
2024-01-20,A PRÓPRIA VÍTIMA,CASA ONDE RESIDE A VÍTIMA E O SUSPEITO,JARAGUÁ DO SUL,SC,RISCO IMINENTE DE MORTE DA VÍTIMA,8.0
2024-01-20,A PRÓPRIA VÍTIMA,CASA ONDE RESIDE A VÍTIMA E O SUSPEITO,SÃO JOSÉ DOS PINHAIS,PR,RISCO IMINENTE DE MORTE DA VÍTIMA,8.0
2024-01-02,A PRÓPRIA VÍTIMA,LOCAL DE TRABALHO DO AGRESSOR,CAMPINAS,SP,RISCO IMINENTE DE MORTE DA VÍTIMA,8.0
2024-01-21,TERCEIRO,CASA ONDE RESIDE A VÍTIMA E O SUSPEITO,RIO DE JANEIRO,RJ,RISCO IMINENTE DE MORTE DA VÍTIMA,8.0
2024-01-06,A PRÓPRIA VÍTIMA,CASA DA VÍTIMA,GRAVATAÍ,RS,RISCO IMINENTE DE MORTE DA VÍTIMA,8.0
2024-03-03,A PRÓPRIA VÍTIMA,CASA ONDE RESIDE A VÍTIMA E O SUSPEITO,TURURU,CE,RISCO IMINENTE DE MORTE DA VÍTIMA,8.0
2024-01-18,TERCEIRO,CASA DA VÍTIMA,CORAÇÃO DE JESUS,MG,RISCO IMINENTE DE MORTE DA VÍTIMA,8.0
2024-03-21,A PRÓPRIA VÍTIMA,CASA ONDE RESIDE A VÍTIMA E O SUSPEITO,CRISTAIS,MG,RISCO IMINENTE DE MORTE DA VÍTIMA,7.0
2024-01-11,A PRÓPRIA VÍTIMA,CASA ONDE RESIDE A VÍTIMA E O SUSPEITO,FRANCA,SP,RISCO IMINENTE DE MORTE DA VÍTIMA,7.0
2024-03-22,TERCEIRO,CASA ONDE RESIDE A VÍTIMA E O SUSPEITO,PIRACICABA,SP,RISCO IMINENTE DE MORTE DA VÍTIMA,7.0
2024-05-14,A PRÓPRIA VÍTIMA,CASA ONDE RESIDE A VÍTIMA E O SUSPEITO,SUMARÉ,SP,RISCO IMINENTE DE MORTE DA VÍTIMA,7.0
2024-03-26,A PRÓPRIA VÍTIMA,CASA DA VÍTIMA,DIADEMA,SP,RISCO IMINENTE DE MORTE DA VÍTIMA,7.0
2024-04-14,A PRÓPRIA VÍTIMA,CASA ONDE RESIDE A VÍTIMA E O SUSPEITO,NOVA IGUAÇU,RJ,SITUAÇÃO FLAGRANTE - ATÉ 24H DA OCORRÊNCIA - SEM FREQUÊNCIA,7.0
2024-04-14,A PRÓPRIA VÍTIMA,CASA ONDE RESIDE A VÍTIMA E O SUSPEITO,ERECHIM,RS,RISCO IMINENTE DE MORTE DA VÍTIMA,7.0
2024-06-13,TERCEIRO,ESTABELECIMENTO COMERCIAL,JABOATÃO DOS GUARARAPES,PE,RISCO IMINENTE DE MORTE DA VÍTIMA,7.0
2024-06-22,A PRÓPRIA VÍTIMA,CASA ONDE RESIDE A VÍTIMA E O SUSPEITO,GUARUJÁ,SP,RISCO IMINENTE DE MORTE DA VÍTIMA,7.0
2024-01-11,A PRÓPRIA VÍTIMA,CASA DO SUSPEITO,FLORIANÓPOLIS,SC,RISCO IMINENTE DE MORTE DA VÍTIMA,7.0
2024-02-19,A PRÓPRIA VÍTIMA,CASA DA VÍTIMA,BALNEÁRIO CAMBORIÚ,SC,RISCO IMINENTE DE MORTE DA VÍTIMA,7.0
2024-04-25,A PRÓPRIA VÍTIMA,CASA ONDE RESIDE A VÍTIMA E O SUSPEITO,FRANCA,SP,RISCO IMINENTE DE MORTE DA VÍTIMA,7.0
2024-06-10,TERCEIRO,CASA ONDE RESIDE A VÍTIMA E O SUSPEITO,SÃO LUDGERO,SC,RISCO IMINENTE DE MORTE DA VÍTIMA,7.0
2024-02-10,A PRÓPRIA VÍTIMA,CASA ONDE RESIDE A VÍTIMA E O SUSPEITO,SÃO GONÇALO,RJ,SITUAÇÃO FLAGRANTE - ATÉ 24H DA OCORRÊNCIA - SEM FREQUÊNCIA,7.0
2024-01-11,A PRÓPRIA VÍTIMA,CASA DA VÍTIMA,PINDAMONHANGABA,SP,RISCO IMINENTE DE MORTE DA VÍTIMA,7.0
2024-03-31,A PRÓPRIA VÍTIMA,CASA DA VÍTIMA,PORTO ALEGRE,RS,RISCO IMINENTE DE MORTE DA VÍTIMA,7.0
2024-04-25,A PRÓPRIA VÍTIMA,CASA ONDE RESIDE A VÍTIMA E O SUSPEITO,FLORIANÓPOLIS,SC,RISCO IMINENTE DE MORTE DA VÍTIMA,7.0
2024-04-09,A PRÓPRIA VÍTIMA,CASA DA VÍTIMA,MESQUITA,RJ,RISCO IMINENTE DE MORTE DA VÍTIMA,7.0
2024-02-09,A PRÓPRIA VÍTIMA,CASA DO SUSPEITO,JUIZ DE FORA,MG,SITUAÇÃO FLAGRANTE - ATÉ 24H DA OCORRÊNCIA - SEM FREQUÊNCIA,7.0
2024-03-30,A PRÓPRIA VÍTIMA,CASA ONDE RESIDE A VÍTIMA E O SUSPEITO,CONCÓRDIA,SC,RISCO IMINENTE DE MORTE DA VÍTIMA,7.0
2024-02-09,TERCEIRO,CASA ONDE RESIDE A VÍTIMA E O SUSPEITO,MARINGÁ,PR,RISCO IMINENTE DE MORTE DA VÍTIMA,7.0
2024-03-29,A PRÓPRIA VÍTIMA,CASA ONDE RESIDE A VÍTIMA E O SUSPEITO,RIO DE JANEIRO,RJ,SITUAÇÃO FLAGRANTE - ATÉ 24H DA OCORRÊNCIA - SEM FREQUÊNCIA,7.0
2024-01-11,A PRÓPRIA VÍTIMA,CASA DA VÍTIMA,CAMPINAS,SP,RISCO IMINENTE DE MORTE DA VÍTIMA,7.0
2024-06-21,TERCEIRO,CASA ONDE RESIDE A VÍTIMA E O SUSPEITO,AVARÉ,SP,RISCO IMINENTE DE MORTE DA VÍTIMA,7.0
2024-01-21,A PRÓPRIA VÍTIMA,CASA ONDE RESIDE A VÍTIMA E O SUSPEITO,JOINVILLE,SC,RISCO IMINENTE DE MORTE DA VÍTIMA,7.0
2024-05-11,A PRÓPRIA VÍTIMA,VIA PÚBLICA,NOVA IGUAÇU,RJ,RISCO IMINENTE DE MORTE DA VÍTIMA,7.0
2024-01-11,A PRÓPRIA VÍTIMA,CASA DA VÍTIMA,SÃO GONÇALO,RJ,RISCO IMINENTE DE MORTE DA VÍTIMA,7.0
2024-01-06,A PRÓPRIA VÍTIMA,CASA ONDE RESIDE A VÍTIMA E O SUSPEITO,BETIM,MG,RISCO IMINENTE DE MORTE DA VÍTIMA,7.0
2024-03-19,A PRÓPRIA VÍTIMA,CASA ONDE RESIDE A VÍTIMA E O SUSPEITO,ITAJAÍ,SC,RISCO IMINENTE DE MORTE DA VÍTIMA,7.0
2024-01-07,TERCEIRO,CASA DA VÍTIMA,FEIRA DE SANTANA,BA,RISCO IMINENTE DE MORTE DA VÍTIMA,7.0
2024-05-13,TERCEIRO,CASA DO SUSPEITO,RIO DE JANEIRO,RJ,VÍTIMA EM SANGRAMENTO,7.0
2024-02-14,A PRÓPRIA VÍTIMA,CASA DA VÍTIMA,NILÓPOLIS,RJ,RISCO IMINENTE DE MORTE DA VÍTIMA,7.0
2024-02-19,A PRÓPRIA VÍTIMA,CASA DA VÍTIMA,NITERÓI,RJ,RISCO IMINENTE DE MORTE DA VÍTIMA,7.0
2024-01-15,A PRÓPRIA VÍTIMA,CASA DA VÍTIMA,RIO DE JANEIRO,RJ,RISCO IMINENTE DE MORTE DA VÍTIMA,7.0
2024-01-29,TERCEIRO,CASA DA VÍTIMA,RIO DE JANEIRO,RJ,RISCO IMINENTE DE MORTE DA VÍTIMA,7.0
2024-05-30,TERCEIRO,CASA DA VÍTIMA,FORTALEZA,CE,RISCO IMINENTE DE MORTE DA VÍTIMA,7.0
2024-02-26,A PRÓPRIA VÍTIMA,CASA DA VÍTIMA,SÃO PAULO,SP,RISCO IMINENTE DE MORTE DA VÍTIMA,7.0
2024-04-26,A PRÓPRIA VÍTIMA,SERVIÇO DE ABRIGAMENTO,SÃO PAULO,SP,SITUAÇÃO FLAGRANTE - ATÉ 24H DA OCORRÊNCIA - SEM FREQUÊNCIA,7.0
2024-03-10,A PRÓPRIA VÍTIMA,OUTROS,RIO DE JANEIRO,RJ,RISCO IMINENTE DE MORTE DA VÍTIMA,7.0
2024-02-28,A PRÓPRIA VÍTIMA,CASA DA VÍTIMA,PEDRA AZUL,MG,RISCO IMINENTE DE MORTE DA VÍTIMA,7.0
2024-05-20,TERCEIRO,CASA ONDE RESIDE A VÍTIMA E O SUSPEITO,JEQUIÉ,BA,RISCO IMINENTE DE MORTE DA VÍTIMA,7.0
2024-04-21,TERCEIRO,CASA ONDE RESIDE A VÍTIMA E O SUSPEITO,RIO DE JANEIRO,RJ,RISCO IMINENTE DE MORTE DA VÍTIMA,7.0
2024-04-22,A PRÓPRIA VÍTIMA,CASA ONDE RESIDE A VÍTIMA E O SUSPEITO,ARRAIAL DO CABO,RJ,RISCO IMINENTE DE MORTE DA VÍTIMA,7.0
2024-04-04,A PRÓPRIA VÍTIMA,CASA ONDE RESIDE A VÍTIMA E O SUSPEITO,GOIÂNIA,GO,RISCO IMINENTE DE MORTE DA VÍTIMA,7.0
2024-03-03,A PRÓPRIA VÍTIMA,CASA ONDE RESIDE A VÍTIMA E O SUSPEITO,SANTOS DUMONT,MG,VÍTIMA EM SANGRAMENTO,7.0
2024-04-23,A PRÓPRIA VÍTIMA,CASA ONDE RESIDE A VÍTIMA E O SUSPEITO,MARÍLIA,SP,RISCO IMINENTE DE MORTE DA VÍTIMA,7.0
2024-03-04,A PRÓPRIA VÍTIMA,CASA ONDE RESIDE A VÍTIMA E O SUSPEITO,PRESIDENTE PRUDENTE,SP,RISCO IMINENTE DE MORTE DA VÍTIMA,7.0
2024-06-15,A PRÓPRIA VÍTIMA,ESTABELECIMENTO DE SAÚDE,ALTO HORIZONTE,GO,RISCO IMINENTE DE MORTE DA VÍTIMA,7.0
2024-04-23,A PRÓPRIA VÍTIMA,OUTROS,ARARAQUARA,SP,RISCO IMINENTE DE MORTE DA VÍTIMA,7.0
2024-06-30,A PRÓPRIA VÍTIMA,CASA ONDE RESIDE A VÍTIMA E O SUSPEITO,GOIANA,PE,RISCO IMINENTE DE MORTE DA VÍTIMA,7.0
2024-02-06,TERCEIRO,CASA ONDE RESIDE A VÍTIMA E O SUSPEITO,RIBEIRÃO DAS NEVES,MG,RISCO IMINENTE DE MORTE DA VÍTIMA,7.0
2024-04-23,TERCEIRO,CASA ONDE RESIDE A VÍTIMA E O SUSPEITO,SÃO JOSÉ DOS CAMPOS,SP,RISCO IMINENTE DE MORTE DA VÍTIMA,7.0
2024-05-22,A PRÓPRIA VÍTIMA,CASA DO SUSPEITO,VARGEM GRANDE PAULISTA,SP,RISCO IMINENTE DE MORTE DA VÍTIMA,7.0
2024-03-11,TERCEIRO,CASA ONDE RESIDE A VÍTIMA E O SUSPEITO,RIO DE JANEIRO,RJ,RISCO IMINENTE DE MORTE DA VÍTIMA,7.0
2024-01-26,A PRÓPRIA VÍTIMA,CASA ONDE RESIDE A VÍTIMA E O SUSPEITO,ITU,SP,VÍTIMA EM SANGRAMENTO,7.0
2024-01-26,A PRÓPRIA VÍTIMA,CASA DA VÍTIMA,SUZANO,SP,RISCO IMINENTE DE MORTE DA VÍTIMA,7.0
2024-06-07,A PRÓPRIA VÍTIMA,CASA ONDE RESIDE A VÍTIMA E O SUSPEITO,PELOTAS,RS,RISCO IMINENTE DE MORTE DA VÍTIMA,7.0
2024-01-20,A PRÓPRIA VÍTIMA,CASA DA VÍTIMA,PASSOS,MG,RISCO IMINENTE DE MORTE DA VÍTIMA,7.0
2024-03-18,A PRÓPRIA VÍTIMA,CASA ONDE RESIDE A VÍTIMA E O SUSPEITO,SOROCABA,SP,SITUAÇÃO FLAGRANTE - ATÉ 24H DA OCORRÊNCIA - SEM FREQUÊNCIA,7.0
2024-01-31,TERCEIRO,CASA DO SUSPEITO,ATIBAIA,SP,RISCO IMINENTE DE MORTE DA VÍTIMA,7.0
2024-05-18,A PRÓPRIA VÍTIMA,CASA DA VÍTIMA,SÃO PAULO,SP,RISCO IMINENTE DE MORTE DA VÍTIMA,7.0
2024-04-28,TERCEIRO,ESTABELECIMENTO DE SAÚDE,INDAIATUBA,SP,RISCO IMINENTE DE MORTE DA VÍTIMA,7.0
2024-01-17,A PRÓPRIA VÍTIMA,CASA ONDE RESIDE A VÍTIMA E O SUSPEITO,OLIVEIRA DOS BREJINHOS,BA,SITUAÇÃO FLAGRANTE - ATÉ 24H DA OCORRÊNCIA - SEM FREQUÊNCIA,7.0
2024-04-03,TERCEIRO,CASA ONDE RESIDE A VÍTIMA E O SUSPEITO,SÃO PAULO,SP,VÍTIMA EM SANGRAMENTO,7.0
2024-01-04,A PRÓPRIA VÍTIMA,CASA DA VÍTIMA,PORTO ALEGRE,RS,RISCO IMINENTE DE MORTE DA VÍTIMA,7.0
2024-03-14,TERCEIRO,CASA ONDE RESIDE A VÍTIMA E O SUSPEITO,PORTO ALEGRE,RS,RISCO IMINENTE DE MORTE DA VÍTIMA,7.0
2024-01-03,A PRÓPRIA VÍTIMA,CASA DO SUSPEITO,RECIFE,PE,SITUAÇÃO FLAGRANTE - ATÉ 24H DA OCORRÊNCIA - SEM FREQUÊNCIA,7.0
2024-01-11,A PRÓPRIA VÍTIMA,CASA ONDE RESIDE A VÍTIMA E O SUSPEITO,SÃO GONÇALO,RJ,RISCO IMINENTE DE MORTE DA VÍTIMA,7.0
2024-02-22,A PRÓPRIA VÍTIMA,CASA DA VÍTIMA,BARRETOS,SP,RISCO IMINENTE DE MORTE DA VÍTIMA,7.0
2024-01-02,A PRÓPRIA VÍTIMA,CASA ONDE RESIDE A VÍTIMA E O SUSPEITO,ITAPECERICA,MG,RISCO IMINENTE DE MORTE DA VÍTIMA,7.0
2024-06-24,A PRÓPRIA VÍTIMA,AMBIENTE VIRTUAL (NO ÂMBITO DA INTERNET),NOVA FRIBURGO,RJ,RISCO IMINENTE DE MORTE DA VÍTIMA,7.0
2024-04-06,A PRÓPRIA VÍTIMA,CASA DO SUSPEITO,BRAGANÇA PAULISTA,SP,RISCO IMINENTE DE MORTE DA VÍTIMA,6.0
2024-05-23,A PRÓPRIA VÍTIMA,CASA ONDE RESIDE A VÍTIMA E O SUSPEITO,BERTIOGA,SP,RISCO IMINENTE DE MORTE DA VÍTIMA,6.0
2024-02-01,TERCEIRO,CASA DA VÍTIMA,BOCAIÚVA,MG,RISCO IMINENTE DE MORTE DA VÍTIMA,6.0
2024-06-15,A PRÓPRIA VÍTIMA,CASA DA VÍTIMA,GUARULHOS,SP,RISCO IMINENTE DE MORTE DA VÍTIMA,6.0
2024-02-01,A PRÓPRIA VÍTIMA,CASA DO SUSPEITO,CABO FRIO,RJ,SITUAÇÃO FLAGRANTE - ATÉ 24H DA OCORRÊNCIA - SEM FREQUÊNCIA,6.0
2024-04-08,A PRÓPRIA VÍTIMA,CASA DA VÍTIMA,NOVA FRIBURGO,RJ,SITUAÇÃO FLAGRANTE - ATÉ 24H DA OCORRÊNCIA - SEM FREQUÊNCIA,6.0
2024-01-30,A PRÓPRIA VÍTIMA,CASA DA VÍTIMA,RECIFE,PE,RISCO IMINENTE DE MORTE DA VÍTIMA,6.0
2024-04-08,A PRÓPRIA VÍTIMA,CASA ONDE RESIDE A VÍTIMA E O SUSPEITO,VERDEJANTE,PE,RISCO IMINENTE DE MORTE DA VÍTIMA,6.0
2024-05-01,TERCEIRO,CASA DO SUSPEITO,LAVRAS,MG,RISCO IMINENTE DE MORTE DA VÍTIMA,6.0
2024-04-24,A PRÓPRIA VÍTIMA,CASA DA VÍTIMA,NOVA IGUAÇU,RJ,RISCO IMINENTE DE MORTE DA VÍTIMA,6.0
2024-05-31,TERCEIRO,CASA ONDE RESIDE A VÍTIMA E O SUSPEITO,CAMPOS DOS GOYTACAZES,RJ,RISCO IMINENTE DE MORTE DA VÍTIMA,6.0
2024-04-23,TERCEIRO,CASA DO SUSPEITO,BELO HORIZONTE,MG,RISCO IMINENTE DE MORTE DA VÍTIMA,6.0
2024-04-23,A PRÓPRIA VÍTIMA,CASA ONDE RESIDE A VÍTIMA E O SUSPEITO,SANTA MARIA,RS,RISCO IMINENTE DE MORTE DA VÍTIMA,6.0
2024-05-31,TERCEIRO,CASA ONDE RESIDE A VÍTIMA E O SUSPEITO,FRANCA,SP,RISCO IMINENTE DE MORTE DA VÍTIMA,6.0
2024-04-22,TERCEIRO,CASA DA VÍTIMA,SÃO PAULO,SP,RISCO IMINENTE DE MORTE DA VÍTIMA,6.0
2024-01-14,A PRÓPRIA VÍTIMA,AMBIENTE VIRTUAL (NO ÂMBITO DA INTERNET),JABOATÃO DOS GUARARAPES,PE,RISCO IMINENTE DE MORTE DA VÍTIMA,6.0
2024-06-04,A PRÓPRIA VÍTIMA,CASA ONDE RESIDE A VÍTIMA E O SUSPEITO,RIO DE JANEIRO,RJ,RISCO IMINENTE DE MORTE DA VÍTIMA,6.0
2024-04-28,A PRÓPRIA VÍTIMA,CASA DA VÍTIMA,COMENDADOR LEVY GASPARIAN,RJ,RISCO IMINENTE DE MORTE DA VÍTIMA,6.0
2024-04-17,A PRÓPRIA VÍTIMA,CASA ONDE RESIDE A VÍTIMA E O SUSPEITO,RIO DE JANEIRO,RJ,RISCO IMINENTE DE MORTE DA VÍTIMA,6.0
2024-06-07,TERCEIRO,CASA ONDE RESIDE A VÍTIMA E O SUSPEITO,DUQUE DE CAXIAS,RJ,RISCO IMINENTE DE MORTE DA VÍTIMA,6.0
2024-01-29,A PRÓPRIA VÍTIMA,CASA ONDE RESIDE A VÍTIMA E O SUSPEITO,IPEÚNA,SP,RISCO IMINENTE DE MORTE DA VÍTIMA,6.0
2024-06-07,TERCEIRO,CASA ONDE RESIDE A VÍTIMA E O SUSPEITO,NARANDIBA,SP,RISCO IMINENTE DE MORTE DA VÍTIMA,6.0
2024-04-06,A PRÓPRIA VÍTIMA,AMBIENTE VIRTUAL (NO ÂMBITO DA INTERNET),BRODOWSKI,SP,RISCO IMINENTE DE MORTE DA VÍTIMA,6.0
2024-01-30,A PRÓPRIA VÍTIMA,CASA ONDE RESIDE A VÍTIMA E O SUSPEITO,SALVADOR,BA,RISCO IMINENTE DE MORTE DA VÍTIMA,6.0
2024-04-13,A PRÓPRIA VÍTIMA,CASA DA VÍTIMA,PLANALTINA,GO,SITUAÇÃO FLAGRANTE - ATÉ 24H DA OCORRÊNCIA - SEM FREQUÊNCIA,6.0
2024-01-30,TERCEIRO,CASA ONDE RESIDE A VÍTIMA E O SUSPEITO,APIAÍ,SP,RISCO IMINENTE DE MORTE DA VÍTIMA,6.0
2024-04-11,A PRÓPRIA VÍTIMA,CASA DA VÍTIMA,SÃO JOÃO DE MERITI,RJ,RISCO IMINENTE DE MORTE DA VÍTIMA,6.0
2024-01-15,TERCEIRO,CASA ONDE RESIDE A VÍTIMA E O SUSPEITO,JEQUIÉ,BA,RISCO IMINENTE DE MORTE DA VÍTIMA,6.0
2024-04-06,A PRÓPRIA VÍTIMA,CASA DA VÍTIMA,SÃO PAULO,SP,RISCO IMINENTE DE MORTE DA VÍTIMA,6.0
2024-03-06,A PRÓPRIA VÍTIMA,CASA DA VÍTIMA,JUNDIAÍ,SP,RISCO IMINENTE DE MORTE DA VÍTIMA,6.0
2024-02-03,A PRÓPRIA VÍTIMA,AMBIENTE VIRTUAL (NO ÂMBITO DA INTERNET),CANOAS,RS,RISCO IMINENTE DE MORTE DA VÍTIMA,6.0
2024-02-26,A PRÓPRIA VÍTIMA,CASA DA VÍTIMA,PANAMBI,RS,RISCO IMINENTE DE MORTE DA VÍTIMA,6.0
2024-01-09,A PRÓPRIA VÍTIMA,CASA DA VÍTIMA,CANELA,RS,RISCO IMINENTE DE MORTE DA VÍTIMA,6.0
2024-05-16,A PRÓPRIA VÍTIMA,CASA DA VÍTIMA,DUQUE DE CAXIAS,RJ,RISCO IMINENTE DE MORTE DA VÍTIMA,6.0
2024-01-16,A PRÓPRIA VÍTIMA,CASA DA VÍTIMA,SÃO PAULO,SP,RISCO IMINENTE DE MORTE DA VÍTIMA,6.0
2024-06-23,TERCEIRO,CASA DA VÍTIMA,TAUBATÉ,SP,RISCO IMINENTE DE MORTE DA VÍTIMA,6.0
2024-01-05,A PRÓPRIA VÍTIMA,CASA DA VÍTIMA,RESSAQUINHA,MG,RISCO IMINENTE DE MORTE DA VÍTIMA,6.0
2024-05-17,TERCEIRO,CASA ONDE RESIDE A VÍTIMA E O SUSPEITO,UBERLÂNDIA,MG,RISCO IMINENTE DE MORTE DA VÍTIMA,6.0
2024-02-21,A PRÓPRIA VÍTIMA,CASA ONDE RESIDE A VÍTIMA E O SUSPEITO,CALDAS NOVAS,GO,RISCO IMINENTE DE MORTE DA VÍTIMA,6.0
2024-01-04,TERCEIRO,CASA ONDE RESIDE A VÍTIMA E O SUSPEITO,CANOAS,RS,RISCO IMINENTE DE MORTE DA VÍTIMA,6.0
2024-03-17,A PRÓPRIA VÍTIMA,CASA DA VÍTIMA,BOTUCATU,SP,RISCO IMINENTE DE MORTE DA VÍTIMA,6.0
2024-03-16,TERCEIRO,CASA ONDE RESIDE A VÍTIMA E O SUSPEITO,RIO DE JANEIRO,RJ,RISCO IMINENTE DE MORTE DA VÍTIMA,6.0
2024-01-04,A PRÓPRIA VÍTIMA,CASA DO SUSPEITO,LEME,SP,RISCO IMINENTE DE MORTE DA VÍTIMA,6.0
2024-03-13,A PRÓPRIA VÍTIMA,VIA PÚBLICA,RIO DAS OSTRAS,RJ,RISCO IMINENTE DE MORTE DA VÍTIMA,6.0
2024-02-25,A PRÓPRIA VÍTIMA,CASA ONDE RESIDE A VÍTIMA E O SUSPEITO,NOVA IGUAÇU,RJ,RISCO IMINENTE DE MORTE DA VÍTIMA,6.0
2024-02-26,TERCEIRO,CASA ONDE RESIDE A VÍTIMA E O SUSPEITO,ITAPIPOCA,CE,RISCO IMINENTE DE MORTE DA VÍTIMA,6.0
2024-03-22,A PRÓPRIA VÍTIMA,CASA ONDE RESIDE A VÍTIMA E O SUSPEITO,RIO DE JANEIRO,RJ,SITUAÇÃO FLAGRANTE - ATÉ 24H DA OCORRÊNCIA - SEM FREQUÊNCIA,6.0
2024-03-10,A PRÓPRIA VÍTIMA,CASA ONDE RESIDE A VÍTIMA E O SUSPEITO,FRANCISCO MORATO,SP,RISCO IMINENTE DE MORTE DA VÍTIMA,6.0
2024-01-17,A PRÓPRIA VÍTIMA,CASA ONDE RESIDE A VÍTIMA E O SUSPEITO,JAGUARARI,BA,RISCO IMINENTE DE MORTE DA VÍTIMA,6.0
2024-03-09,A PRÓPRIA VÍTIMA,CASA DA VÍTIMA,BELO HORIZONTE,MG,SITUAÇÃO FLAGRANTE - ATÉ 24H DA OCORRÊNCIA - SEM FREQUÊNCIA,6.0
2024-03-08,TERCEIRO,CASA ONDE RESIDE A VÍTIMA E O SUSPEITO,TRAJANO DE MORAES,RJ,RISCO IMINENTE DE MORTE DA VÍTIMA,6.0
2024-03-08,TERCEIRO,CASA ONDE RESIDE A VÍTIMA E O SUSPEITO,LAJEADO,RS,SITUAÇÃO FLAGRANTE - ATÉ 24H DA OCORRÊNCIA - SEM FREQUÊNCIA,6.0
2024-06-29,A PRÓPRIA VÍTIMA,CASA ONDE RESIDE A VÍTIMA E O SUSPEITO,UNAÍ,MG,RISCO IMINENTE DE MORTE DA VÍTIMA,6.0
2024-06-30,A PRÓPRIA VÍTIMA,CASA DA VÍTIMA,TREMEMBÉ,SP,RISCO IMINENTE DE MORTE DA VÍTIMA,6.0
2024-03-05,A PRÓPRIA VÍTIMA,CASA DA VÍTIMA,BELO HORIZONTE,MG,RISCO IMINENTE DE MORTE DA VÍTIMA,6.0
2024-03-07,A PRÓPRIA VÍTIMA,CASA DA VÍTIMA,BARREIRAS,BA,RISCO IMINENTE DE MORTE DA VÍTIMA,6.0
2024-03-05,A PRÓPRIA VÍTIMA,CASA ONDE RESIDE A VÍTIMA E O SUSPEITO,RIO DE JANEIRO,RJ,RISCO IMINENTE DE MORTE DA VÍTIMA,6.0
2024-03-06,TERCEIRO,CASA ONDE RESIDE A VÍTIMA E O SUSPEITO,SÃO PAULO,SP,RISCO IMINENTE DE MORTE DA VÍTIMA,6.0
2024-03-06,TERCEIRO,CASA ONDE RESIDE A VÍTIMA E O SUSPEITO,RIO DAS OSTRAS,RJ,RISCO IMINENTE DE MORTE DA VÍTIMA,6.0
2024-03-05,TERCEIRO,OUTROS,SANTOS,SP,RISCO IMINENTE DE MORTE DA VÍTIMA,6.0
2024-02-19,A PRÓPRIA VÍTIMA,CASA DA VÍTIMA,IBIRAMA,SC,SITUAÇÃO FLAGRANTE - ATÉ 24H DA OCORRÊNCIA - SEM FREQUÊNCIA,6.0
2024-05-08,TERCEIRO,CASA ONDE RESIDE A VÍTIMA E O SUSPEITO,BARRA DO PIRAÍ,RJ,RISCO IMINENTE DE MORTE DA VÍTIMA,6.0
2024-04-02,A PRÓPRIA VÍTIMA,CASA DA VÍTIMA,TABOÃO DA SERRA,SP,RISCO IMINENTE DE MORTE DA VÍTIMA,6.0
2024-06-17,A PRÓPRIA VÍTIMA,VIA PÚBLICA,BELO HORIZONTE,MG,RISCO IMINENTE DE MORTE DA VÍTIMA,6.0
2024-02-09,A PRÓPRIA VÍTIMA,CASA DA VÍTIMA,TUBARÃO,SC,RISCO IMINENTE DE MORTE DA VÍTIMA,6.0
2024-05-27,TERCEIRO,CASA DA VÍTIMA,SIMÕES FILHO,BA,RISCO IMINENTE DE MORTE DA VÍTIMA,6.0
2024-02-17,A PRÓPRIA VÍTIMA,CASA ONDE RESIDE A VÍTIMA E O SUSPEITO,FORTALEZA,CE,RISCO IMINENTE DE MORTE DA VÍTIMA,6.0
2024-01-07,TERCEIRO,CASA DA VÍTIMA,MESQUITA,RJ,RISCO IMINENTE DE MORTE DA VÍTIMA,6.0
2024-03-28,A PRÓPRIA VÍTIMA,CASA ONDE RESIDE A VÍTIMA E O SUSPEITO,SÃO JOÃO DE MERITI,RJ,RISCO IMINENTE DE MORTE DA VÍTIMA,6.0
2024-01-20,TERCEIRO,CASA ONDE RESIDE A VÍTIMA E O SUSPEITO,PAULISTA,PE,RISCO IMINENTE DE MORTE DA VÍTIMA,6.0
2024-02-12,TERCEIRO,CASA ONDE RESIDE A VÍTIMA E O SUSPEITO,NITERÓI,RJ,RISCO IMINENTE DE MORTE DA VÍTIMA,6.0
2024-02-13,A PRÓPRIA VÍTIMA,CASA ONDE RESIDE A VÍTIMA E O SUSPEITO,RIBEIRÃO PRETO,SP,RISCO IMINENTE DE MORTE DA VÍTIMA,6.0
2024-05-12,A PRÓPRIA VÍTIMA,CASA ONDE RESIDE A VÍTIMA E O SUSPEITO,TRÊS CORAÇÕES,MG,RISCO IMINENTE DE MORTE DA VÍTIMA,6.0
2024-05-28,TERCEIRO,CASA ONDE RESIDE A VÍTIMA E O SUSPEITO,RIO DE JANEIRO,RJ,SITUAÇÃO FLAGRANTE - ATÉ 24H DA OCORRÊNCIA - SEM FREQUÊNCIA,6.0
2024-05-06,A PRÓPRIA VÍTIMA,CASA ONDE RESIDE A VÍTIMA E O SUSPEITO,CAMPINAS,SP,SITUAÇÃO FLAGRANTE - ATÉ 24H DA OCORRÊNCIA - SEM FREQUÊNCIA,6.0
2024-05-26,TERCEIRO,CASA ONDE RESIDE A VÍTIMA E O SUSPEITO,APARECIDA DE GOIÂNIA,GO,RISCO IMINENTE DE MORTE DA VÍTIMA,6.0
2024-06-17,A PRÓPRIA VÍTIMA,CASA ONDE RESIDE A VÍTIMA E O SUSPEITO,GUARULHOS,SP,RISCO IMINENTE DE MORTE DA VÍTIMA,6.0
2024-01-20,TERCEIRO,CASA DA VÍTIMA,GUAPIMIRIM,RJ,RISCO IMINENTE DE MORTE DA VÍTIMA,6.0
2024-05-04,TERCEIRO,CASA ONDE RESIDE A VÍTIMA E O SUSPEITO,IBIRITÉ,MG,RISCO IMINENTE DE MORTE DA VÍTIMA,6.0
2024-05-13,TERCEIRO,CASA ONDE RESIDE A VÍTIMA E O SUSPEITO,ITINGA,MG,RISCO IMINENTE DE MORTE DA VÍTIMA,6.0
2024-05-29,A PRÓPRIA VÍTIMA,CASA DA VÍTIMA,SÃO PAULO,SP,RISCO IMINENTE DE MORTE DA VÍTIMA,6.0
2024-05-14,A PRÓPRIA VÍTIMA,CASA DA VÍTIMA,SÃO PAULO,SP,RISCO IMINENTE DE MORTE DA VÍTIMA,6.0
2024-03-24,A PRÓPRIA VÍTIMA,AMBIENTE VIRTUAL (NO ÂMBITO DA INTERNET),MOGI DAS CRUZES,SP,RISCO IMINENTE DE MORTE DA VÍTIMA,6.0
2024-02-06,TERCEIRO,CASA DA VÍTIMA,CAMPOS DO JORDÃO,SP,RISCO IMINENTE DE MORTE DA VÍTIMA,6.0
2024-05-03,A PRÓPRIA VÍTIMA,CASA DA VÍTIMA,BELO HORIZONTE,MG,RISCO IMINENTE DE MORTE DA VÍTIMA,5.0
2024-05-28,TERCEIRO,CASA ONDE RESIDE A VÍTIMA E O SUSPEITO,VALPARAÍSO DE GOIÁS,GO,RISCO IMINENTE DE MORTE DA VÍTIMA,5.0
2024-01-21,A PRÓPRIA VÍTIMA,CASA DA VÍTIMA,SÃO JOSÉ DO RIO PRETO,SP,RISCO IMINENTE DE MORTE DA VÍTIMA,5.0
2024-01-22,A PRÓPRIA VÍTIMA,CASA DA VÍTIMA,UBERLÂNDIA,MG,RISCO IMINENTE DE MORTE DA VÍTIMA,5.0
2024-01-15,TERCEIRO,CASA ONDE RESIDE A VÍTIMA E O SUSPEITO,SÃO JOÃO DA BARRA,RJ,RISCO IMINENTE DE MORTE DA VÍTIMA,5.0
2024-05-23,TERCEIRO,CASA ONDE RESIDE A VÍTIMA E O SUSPEITO,ITU,SP,RISCO IMINENTE DE MORTE DA VÍTIMA,5.0
2024-05-20,TERCEIRO,CASA DA VÍTIMA,SÃO BENTO DO SUL,SC,RISCO IMINENTE DE MORTE DA VÍTIMA,5.0
2024-04-25,TERCEIRO,CASA ONDE RESIDE A VÍTIMA E O SUSPEITO,FORTALEZA,CE,RISCO IMINENTE DE MORTE DA VÍTIMA,5.0
2024-05-20,TERCEIRO,CASA DA VÍTIMA,GRAVATAÍ,RS,RISCO IMINENTE DE MORTE DA VÍTIMA,5.0
2024-05-23,A PRÓPRIA VÍTIMA,CASA ONDE RESIDE A VÍTIMA E O SUSPEITO,VARGINHA,MG,RISCO IMINENTE DE MORTE DA VÍTIMA,5.0
2024-05-27,A PRÓPRIA VÍTIMA,AMBIENTE VIRTUAL (NO ÂMBITO DA INTERNET),MAR DE ESPANHA,MG,RISCO IMINENTE DE MORTE DA VÍTIMA,5.0
2024-01-26,A PRÓPRIA VÍTIMA,CASA DA VÍTIMA,CABO FRIO,RJ,SITUAÇÃO FLAGRANTE - ATÉ 24H DA OCORRÊNCIA - SEM FREQUÊNCIA,5.0
2024-01-24,A PRÓPRIA VÍTIMA,AMBIENTE VIRTUAL (NO ÂMBITO DA INTERNET),RIO DAS OSTRAS,RJ,RISCO IMINENTE DE MORTE DA VÍTIMA,5.0
2024-05-13,TERCEIRO,CASA DA VÍTIMA,TATUÍ,SP,RISCO IMINENTE DE MORTE DA VÍTIMA,5.0
2024-01-24,TERCEIRO,CASA ONDE RESIDE A VÍTIMA E O SUSPEITO,PARAGUAÇU PAULISTA,SP,RISCO IMINENTE DE MORTE DA VÍTIMA,5.0
2024-01-15,A PRÓPRIA VÍTIMA,CASA DA VÍTIMA,RUSSAS,CE,RISCO IMINENTE DE MORTE DA VÍTIMA,5.0
2024-05-29,TERCEIRO,CASA ONDE RESIDE A VÍTIMA E O SUSPEITO,RECIFE,PE,RISCO IMINENTE DE MORTE DA VÍTIMA,5.0
2024-05-15,A PRÓPRIA VÍTIMA,CASA DA VÍTIMA,CURITIBA,PR,RISCO IMINENTE DE MORTE DA VÍTIMA,5.0
2024-01-25,A PRÓPRIA VÍTIMA,CASA DA VÍTIMA,EMBU DAS ARTES,SP,RISCO IMINENTE DE MORTE DA VÍTIMA,5.0
2024-01-11,A PRÓPRIA VÍTIMA,CASA DA VÍTIMA,BAURU,SP,SITUAÇÃO FLAGRANTE - ATÉ 24H DA OCORRÊNCIA - SEM FREQUÊNCIA,5.0
2024-01-14,TERCEIRO,CASA DA VÍTIMA,SÃO PAULO,SP,RISCO IMINENTE DE MORTE DA VÍTIMA,5.0
2024-01-01,A PRÓPRIA VÍTIMA,CASA DA VÍTIMA,PALHOÇA,SC,SITUAÇÃO FLAGRANTE - ATÉ 24H DA OCORRÊNCIA - SEM FREQUÊNCIA,5.0
2024-03-28,TERCEIRO,CASA ONDE RESIDE A VÍTIMA E O SUSPEITO,EXTREMA,MG,RISCO IMINENTE DE MORTE DA VÍTIMA,5.0
2024-03-28,A PRÓPRIA VÍTIMA,CASA ONDE RESIDE A VÍTIMA E O SUSPEITO,PIRASSUNUNGA,SP,RISCO IMINENTE DE MORTE DA VÍTIMA,5.0
2024-01-05,A PRÓPRIA VÍTIMA,CASA ONDE RESIDE A VÍTIMA E O SUSPEITO,SERRINHA,BA,RISCO IMINENTE DE MORTE DA VÍTIMA,5.0
2024-03-27,A PRÓPRIA VÍTIMA,CASA DO SUSPEITO,CANOAS,RS,SITUAÇÃO FLAGRANTE - ATÉ 24H DA OCORRÊNCIA - SEM FREQUÊNCIA,5.0
2024-03-26,TERCEIRO,CASA ONDE RESIDE A VÍTIMA E O SUSPEITO,PETRÓPOLIS,RJ,RISCO IMINENTE DE MORTE DA VÍTIMA,5.0
2024-03-26,A PRÓPRIA VÍTIMA,CASA ONDE RESIDE A VÍTIMA E O SUSPEITO,ITAPETININGA,SP,RISCO IMINENTE DE MORTE DA VÍTIMA,5.0
2024-02-14,A PRÓPRIA VÍTIMA,CASA DO SUSPEITO,NILÓPOLIS,RJ,RISCO IMINENTE DE MORTE DA VÍTIMA,5.0
2024-02-16,A PRÓPRIA VÍTIMA,CASA ONDE RESIDE A VÍTIMA E O SUSPEITO,ANGATUBA,SP,RISCO IMINENTE DE MORTE DA VÍTIMA,5.0
2024-03-24,A PRÓPRIA VÍTIMA,CASA DA VÍTIMA,ALAGOINHAS,BA,RISCO IMINENTE DE MORTE DA VÍTIMA,5.0
2024-03-23,A PRÓPRIA VÍTIMA,CASA DA VÍTIMA,INDIANÓPOLIS,PR,RISCO IMINENTE DE MORTE DA VÍTIMA,5.0
2024-06-22,A PRÓPRIA VÍTIMA,CASA ONDE RESIDE A VÍTIMA E O SUSPEITO,VALPARAÍSO DE GOIÁS,GO,RISCO IMINENTE DE MORTE DA VÍTIMA,5.0
2024-03-21,TERCEIRO,CASA ONDE RESIDE A VÍTIMA E O SUSPEITO,LONDRINA,PR,RISCO IMINENTE DE MORTE DA VÍTIMA,5.0
2024-02-18,A PRÓPRIA VÍTIMA,CASA ONDE RESIDE A VÍTIMA E O SUSPEITO,RIO DE JANEIRO,RJ,RISCO IMINENTE DE MORTE DA VÍTIMA,5.0
2024-03-19,A PRÓPRIA VÍTIMA,CASA ONDE RESIDE A VÍTIMA E O SUSPEITO,SÃO JOSÉ DO RIO PRETO,SP,SITUAÇÃO FLAGRANTE - ATÉ 24H DA OCORRÊNCIA - SEM FREQUÊNCIA,5.0
2024-02-08,A PRÓPRIA VÍTIMA,VIA PÚBLICA,CAMPINAS,SP,RISCO IMINENTE DE MORTE DA VÍTIMA,5.0
2024-03-19,A PRÓPRIA VÍTIMA,CASA DA VÍTIMA,RECIFE,PE,RISCO IMINENTE DE MORTE DA VÍTIMA,5.0
2024-02-20,A PRÓPRIA VÍTIMA,OUTROS,SANTO ANDRÉ,SP,SITUAÇÃO FLAGRANTE - ATÉ 24H DA OCORRÊNCIA - SEM FREQUÊNCIA,5.0
2024-02-20,TERCEIRO,CASA ONDE RESIDE A VÍTIMA E O SUSPEITO,MONTES CLAROS,MG,RISCO IMINENTE DE MORTE DA VÍTIMA,5.0
2024-03-16,A PRÓPRIA VÍTIMA,CASA DA VÍTIMA,NOVA IGUAÇU,RJ,RISCO IMINENTE DE MORTE DA VÍTIMA,5.0
2024-06-27,TERCEIRO,CASA DA VÍTIMA,JUNDIAÍ,SP,RISCO IMINENTE DE MORTE DA VÍTIMA,5.0
2024-01-02,A PRÓPRIA VÍTIMA,CASA DA VÍTIMA,BOM JARDIM,PE,RISCO IMINENTE DE MORTE DA VÍTIMA,5.0
2024-06-28,TERCEIRO,CASA ONDE RESIDE A VÍTIMA E O SUSPEITO,SÃO PAULO,SP,RISCO IMINENTE DE MORTE DA VÍTIMA,5.0
2024-02-25,TERCEIRO,CASA ONDE RESIDE A VÍTIMA E O SUSPEITO,RIO BONITO,RJ,SITUAÇÃO FLAGRANTE - ATÉ 24H DA OCORRÊNCIA - SEM FREQUÊNCIA,5.0
2024-01-01,A PRÓPRIA VÍTIMA,CASA ONDE RESIDE A VÍTIMA E O SUSPEITO,DUQUE DE CAXIAS,RJ,SITUAÇÃO FLAGRANTE - ATÉ 24H DA OCORRÊNCIA - SEM FREQUÊNCIA,5.0
2024-06-29,A PRÓPRIA VÍTIMA,CASA DO SUSPEITO,BELO HORIZONTE,MG,RISCO IMINENTE DE MORTE DA VÍTIMA,5.0
2024-03-09,A PRÓPRIA VÍTIMA,CASA ONDE RESIDE A VÍTIMA E O SUSPEITO,NOVA IGUAÇU,RJ,RISCO IMINENTE DE MORTE DA VÍTIMA,5.0
2024-02-28,TERCEIRO,CASA DA VÍTIMA,RIO DE JANEIRO,RJ,RISCO IMINENTE DE MORTE DA VÍTIMA,5.0
2024-01-01,A PRÓPRIA VÍTIMA,CASA DA VÍTIMA,RIO DE JANEIRO,RJ,SITUAÇÃO FLAGRANTE - ATÉ 24H DA OCORRÊNCIA - SEM FREQUÊNCIA,5.0
2024-03-31,A PRÓPRIA VÍTIMA,CASA DA VÍTIMA,INHAMBUPE,BA,RISCO IMINENTE DE MORTE DA VÍTIMA,5.0
2024-06-18,TERCEIRO,ESTABELECIMENTO DE SAÚDE,RIBEIRÃO PRETO,SP,RISCO IMINENTE DE MORTE DA VÍTIMA,5.0
2024-06-10,TERCEIRO,CASA ONDE RESIDE A VÍTIMA E O SUSPEITO,SÃO GONÇALO,RJ,RISCO IMINENTE DE MORTE DA VÍTIMA,5.0
2024-04-10,A PRÓPRIA VÍTIMA,AMBIENTE VIRTUAL (NO ÂMBITO DA INTERNET),GUARULHOS,SP,RISCO IMINENTE DE MORTE DA VÍTIMA,5.0
2024-01-26,A PRÓPRIA VÍTIMA,CASA ONDE RESIDE A VÍTIMA E O SUSPEITO,VÁRZEA ALEGRE,CE,RISCO IMINENTE DE MORTE DA VÍTIMA,5.0
2024-06-02,TERCEIRO,CASA DA VÍTIMA,MARIALVA,PR,RISCO IMINENTE DE MORTE DA VÍTIMA,5.0
2024-01-12,A PRÓPRIA VÍTIMA,CASA ONDE RESIDE A VÍTIMA E O SUSPEITO,CASINHAS,PE,RISCO IMINENTE DE MORTE DA VÍTIMA,5.0
2024-06-04,A PRÓPRIA VÍTIMA,CASA ONDE RESIDE A VÍTIMA E O SUSPEITO,PRADO,BA,RISCO IMINENTE DE MORTE DA VÍTIMA,5.0
2024-04-18,A PRÓPRIA VÍTIMA,LOCAL DE TRABALHO DA VÍTIMA,CAETÉ,MG,RISCO IMINENTE DE MORTE DA VÍTIMA,5.0
2024-06-07,A PRÓPRIA VÍTIMA,VIA PÚBLICA,SÃO PAULO,SP,RISCO IMINENTE DE MORTE DA VÍTIMA,5.0
2024-04-18,A PRÓPRIA VÍTIMA,CASA DA VÍTIMA,SÃO JOSÉ,SC,RISCO IMINENTE DE MORTE DA VÍTIMA,5.0
2024-04-18,A PRÓPRIA VÍTIMA,CASA DA VÍTIMA,GOVERNADOR VALADARES,MG,RISCO IMINENTE DE MORTE DA VÍTIMA,5.0
2024-06-07,TERCEIRO,CASA DA VÍTIMA,ESPERA FELIZ,MG,RISCO IMINENTE DE MORTE DA VÍTIMA,5.0
2024-04-16,A PRÓPRIA VÍTIMA,NÃO SABE INFORMAR,PETROLINA,PE,RISCO IMINENTE DE MORTE DA VÍTIMA,5.0
2024-04-16,A PRÓPRIA VÍTIMA,CASA ONDE RESIDE A VÍTIMA E O SUSPEITO,FRANCISCO MORATO,SP,RISCO IMINENTE DE MORTE DA VÍTIMA,5.0
2024-06-09,A PRÓPRIA VÍTIMA,CASA ONDE RESIDE A VÍTIMA E O SUSPEITO,BARREIRAS,BA,RISCO IMINENTE DE MORTE DA VÍTIMA,5.0
2024-03-31,TERCEIRO,CASA ONDE RESIDE A VÍTIMA E O SUSPEITO,BLUMENAU,SC,RISCO IMINENTE DE MORTE DA VÍTIMA,5.0
2024-06-11,A PRÓPRIA VÍTIMA,CASA ONDE RESIDE A VÍTIMA E O SUSPEITO,BARUERI,SP,RISCO IMINENTE DE MORTE DA VÍTIMA,5.0
2024-05-22,A PRÓPRIA VÍTIMA,LOCAL DE TRABALHO DA VÍTIMA,BAURU,SP,RISCO IMINENTE DE MORTE DA VÍTIMA,5.0
2024-04-09,TERCEIRO,CASA DA VÍTIMA,CARMÓPOLIS DE MINAS,MG,RISCO IMINENTE DE MORTE DA VÍTIMA,5.0
2024-01-08,A PRÓPRIA VÍTIMA,CASA ONDE RESIDE A VÍTIMA E O SUSPEITO,SALVADOR,BA,RISCO IMINENTE DE MORTE DA VÍTIMA,5.0
2024-04-01,A PRÓPRIA VÍTIMA,CASA ONDE RESIDE A VÍTIMA E O SUSPEITO,SIMÕES FILHO,BA,RISCO IMINENTE DE MORTE DA VÍTIMA,5.0
2024-02-08,A PRÓPRIA VÍTIMA,CASA ONDE RESIDE A VÍTIMA E O SUSPEITO,JAQUIRANA,RS,RISCO IMINENTE DE MORTE DA VÍTIMA,5.0
2024-01-06,A PRÓPRIA VÍTIMA,CASA DA VÍTIMA,SÃO PAULO,SP,RISCO IMINENTE DE MORTE DA VÍTIMA,5.0
2024-06-16,TERCEIRO,CASA DA VÍTIMA,JOINVILLE,SC,RISCO IMINENTE DE MORTE DA VÍTIMA,5.0
2024-01-31,TERCEIRO,CASA DA VÍTIMA,ATIBAIA,SP,RISCO IMINENTE DE MORTE DA VÍTIMA,5.0
2024-01-08,A PRÓPRIA VÍTIMA,CASA ONDE RESIDE A VÍTIMA E O SUSPEITO,GOIÂNIA,GO,RISCO IMINENTE DE MORTE DA VÍTIMA,5.0
2024-01-09,A PRÓPRIA VÍTIMA,CASA DA VÍTIMA,SÃO GONÇALO,RJ,RISCO IMINENTE DE MORTE DA VÍTIMA,5.0
2024-06-13,A PRÓPRIA VÍTIMA,ESTABELECIMENTO DE SAÚDE,CAPÃO DA CANOA,RS,RISCO IMINENTE DE MORTE DA VÍTIMA,5.0
2024-01-04,TERCEIRO,CASA ONDE RESIDE A VÍTIMA E O SUSPEITO,SALVADOR,BA,RISCO IMINENTE DE MORTE DA VÍTIMA,4.0
2024-06-24,TERCEIRO,CASA ONDE RESIDE A VÍTIMA E O SUSPEITO,RIO DE JANEIRO,RJ,RISCO IMINENTE DE MORTE DA VÍTIMA,4.0
2024-06-20,TERCEIRO,CASA ONDE RESIDE A VÍTIMA E O SUSPEITO,NANUQUE,MG,RISCO IMINENTE DE MORTE DA VÍTIMA,4.0
2024-01-10,A PRÓPRIA VÍTIMA,CASA DA VÍTIMA,ÁGUAS LINDAS DE GOIÁS,GO,RISCO IMINENTE DE MORTE DA VÍTIMA,4.0
2024-05-29,A PRÓPRIA VÍTIMA,CASA DA VÍTIMA,BELO HORIZONTE,MG,SITUAÇÃO FLAGRANTE - ATÉ 24H DA OCORRÊNCIA - SEM FREQUÊNCIA,4.0
2024-01-05,A PRÓPRIA VÍTIMA,CASA DA VÍTIMA,SALVADOR,BA,SITUAÇÃO FLAGRANTE - ATÉ 24H DA OCORRÊNCIA - SEM FREQUÊNCIA,4.0
2024-01-13,TERCEIRO,CASA ONDE RESIDE A VÍTIMA E O SUSPEITO,PRINCESA,SC,RISCO IMINENTE DE MORTE DA VÍTIMA,4.0
2024-01-14,A PRÓPRIA VÍTIMA,CASA DA VÍTIMA,RIO DE JANEIRO,RJ,RISCO IMINENTE DE MORTE DA VÍTIMA,4.0
2024-05-27,TERCEIRO,CASA ONDE RESIDE A VÍTIMA E O SUSPEITO,FEIRA DE SANTANA,BA,RISCO IMINENTE DE MORTE DA VÍTIMA,4.0
2024-04-23,A PRÓPRIA VÍTIMA,CASA DA VÍTIMA,SALVADOR,BA,RISCO IMINENTE DE MORTE DA VÍTIMA,4.0
2024-05-20,A PRÓPRIA VÍTIMA,CASA ONDE RESIDE A VÍTIMA E O SUSPEITO,CONCEIÇÃO DO JACUÍPE,BA,VÍTIMA EM SANGRAMENTO,4.0
2024-04-18,TERCEIRO,CASA ONDE RESIDE A VÍTIMA E O SUSPEITO,SÃO SEBASTIÃO DO OESTE,MG,RISCO IMINENTE DE MORTE DA VÍTIMA,4.0
2024-01-29,A PRÓPRIA VÍTIMA,CASA DA VÍTIMA,SAPUCAIA DO SUL,RS,RISCO IMINENTE DE MORTE DA VÍTIMA,4.0
2024-04-16,TERCEIRO,INSTITUIÇÃO DE LONGA PERMANÊNCIA DE IDOSO - ILPI,SÃO LOURENÇO,MG,RISCO IMINENTE DE MORTE DA VÍTIMA,4.0
2024-01-29,A PRÓPRIA VÍTIMA,CASA ONDE RESIDE A VÍTIMA E O SUSPEITO,RIO DE JANEIRO,RJ,RISCO IMINENTE DE MORTE DA VÍTIMA,4.0
2024-04-15,TERCEIRO,CASA ONDE RESIDE A VÍTIMA E O SUSPEITO,SÃO PAULO,SP,RISCO IMINENTE DE MORTE DA VÍTIMA,4.0
2024-04-14,TERCEIRO,CASA ONDE RESIDE A VÍTIMA E O SUSPEITO,PAULISTA,PE,RISCO IMINENTE DE MORTE DA VÍTIMA,4.0
2024-01-31,A PRÓPRIA VÍTIMA,CASA DA VÍTIMA,MOGI GUAÇU,SP,RISCO IMINENTE DE MORTE DA VÍTIMA,4.0
2024-05-20,A PRÓPRIA VÍTIMA,CASA DA VÍTIMA,ITAPECERICA,MG,RISCO IMINENTE DE MORTE DA VÍTIMA,4.0
2024-04-07,A PRÓPRIA VÍTIMA,NÃO SABE INFORMAR,FRANCISCO MORATO,SP,RISCO IMINENTE DE MORTE DA VÍTIMA,4.0
2024-04-07,A PRÓPRIA VÍTIMA,CASA ONDE RESIDE A VÍTIMA E O SUSPEITO,SALVADOR,BA,RISCO IMINENTE DE MORTE DA VÍTIMA,4.0
2024-02-01,TERCEIRO,CASA ONDE RESIDE A VÍTIMA E O SUSPEITO,TEREZÓPOLIS DE GOIÁS,GO,RISCO IMINENTE DE MORTE DA VÍTIMA,4.0
2024-04-06,A PRÓPRIA VÍTIMA,CASA ONDE RESIDE A VÍTIMA E O SUSPEITO,SÃO PAULO,SP,RISCO IMINENTE DE MORTE DA VÍTIMA,4.0
2024-04-04,A PRÓPRIA VÍTIMA,CASA ONDE RESIDE A VÍTIMA E O SUSPEITO,MOGI GUAÇU,SP,RISCO IMINENTE DE MORTE DA VÍTIMA,4.0
2024-04-03,A PRÓPRIA VÍTIMA,CASA DA VÍTIMA,UBERLÂNDIA,MG,RISCO IMINENTE DE MORTE DA VÍTIMA,4.0
2024-04-03,A PRÓPRIA VÍTIMA,AMBIENTE VIRTUAL (NO ÂMBITO DA INTERNET),ITAQUAQUECETUBA,SP,RISCO IMINENTE DE MORTE DA VÍTIMA,4.0
2024-03-30,TERCEIRO,CASA ONDE RESIDE A VÍTIMA E O SUSPEITO,GARANHUNS,PE,RISCO IMINENTE DE MORTE DA VÍTIMA,4.0
2024-02-13,A PRÓPRIA VÍTIMA,CASA DA VÍTIMA,BARRA VELHA,SC,RISCO IMINENTE DE MORTE DA VÍTIMA,4.0
2024-02-17,A PRÓPRIA VÍTIMA,CASA DA VÍTIMA,APERIBÉ,RJ,RISCO IMINENTE DE MORTE DA VÍTIMA,4.0
2024-02-17,TERCEIRO,CASA DA VÍTIMA,IBIRITÉ,MG,RISCO IMINENTE DE MORTE DA VÍTIMA,4.0
2024-03-19,A PRÓPRIA VÍTIMA,CASA ONDE RESIDE A VÍTIMA E O SUSPEITO,CRICIÚMA,SC,RISCO IMINENTE DE MORTE DA VÍTIMA,4.0
2024-03-18,A PRÓPRIA VÍTIMA,CASA DA VÍTIMA,NOVA IGUAÇU,RJ,RISCO IMINENTE DE MORTE DA VÍTIMA,4.0
2024-03-16,TERCEIRO,CASA ONDE RESIDE A VÍTIMA E O SUSPEITO,JUIZ DE FORA,MG,VÍTIMA EM SANGRAMENTO,4.0
2024-03-14,TERCEIRO,CASA DA VÍTIMA,SANTO ANDRÉ,SP,RISCO IMINENTE DE MORTE DA VÍTIMA,4.0
2024-02-23,A PRÓPRIA VÍTIMA,CASA DA VÍTIMA,PIRACEMA,MG,RISCO IMINENTE DE MORTE DA VÍTIMA,4.0
2024-02-24,A PRÓPRIA VÍTIMA,CASA DA VÍTIMA,ITUIUTABA,MG,RISCO IMINENTE DE MORTE DA VÍTIMA,4.0
2024-02-24,A PRÓPRIA VÍTIMA,CASA ONDE RESIDE A VÍTIMA E O SUSPEITO,RIO DE JANEIRO,RJ,RISCO IMINENTE DE MORTE DA VÍTIMA,4.0
2024-03-09,TERCEIRO,VIA PÚBLICA,PETRÓPOLIS,RJ,RISCO IMINENTE DE MORTE DA VÍTIMA,4.0
2024-03-01,TERCEIRO,CASA DA VÍTIMA,ILICÍNEA,MG,RISCO IMINENTE DE MORTE DA VÍTIMA,4.0
2024-01-28,A PRÓPRIA VÍTIMA,CASA DA VÍTIMA,SÃO PAULO,SP,RISCO IMINENTE DE MORTE DA VÍTIMA,4.0
2024-04-08,A PRÓPRIA VÍTIMA,CASA DA VÍTIMA,NATIVIDADE,RJ,RISCO IMINENTE DE MORTE DA VÍTIMA,4.0
2024-06-30,TERCEIRO,CASA ONDE RESIDE A VÍTIMA E O SUSPEITO,RECIFE,PE,RISCO IMINENTE DE MORTE DA VÍTIMA,4.0
2024-05-14,A PRÓPRIA VÍTIMA,CASA ONDE RESIDE A VÍTIMA E O SUSPEITO,JUIZ DE FORA,MG,RISCO IMINENTE DE MORTE DA VÍTIMA,4.0
2024-04-27,TERCEIRO,CASA ONDE RESIDE A VÍTIMA E O SUSPEITO,LOUVEIRA,SP,RISCO IMINENTE DE MORTE DA VÍTIMA,4.0
2024-05-04,A PRÓPRIA VÍTIMA,CASA DA VÍTIMA,SÃO JOSÉ DOS CAMPOS,SP,SITUAÇÃO FLAGRANTE - ATÉ 24H DA OCORRÊNCIA - SEM FREQUÊNCIA,4.0
2024-03-06,TERCEIRO,CASA DA VÍTIMA,IATI,PE,RISCO IMINENTE DE MORTE DA VÍTIMA,4.0
2024-01-21,A PRÓPRIA VÍTIMA,CASA ONDE RESIDE A VÍTIMA E O SUSPEITO,IÇARA,SC,RISCO IMINENTE DE MORTE DA VÍTIMA,4.0
2024-05-08,A PRÓPRIA VÍTIMA,CASA DA VÍTIMA,TEIXEIRA DE FREITAS,BA,SITUAÇÃO FLAGRANTE - ATÉ 24H DA OCORRÊNCIA - SEM FREQUÊNCIA,4.0
2024-05-10,TERCEIRO,CASA DA VÍTIMA,ITANHAÉM,SP,RISCO IMINENTE DE MORTE DA VÍTIMA,4.0
2024-01-20,TERCEIRO,CASA DA VÍTIMA,VITÓRIA DE SANTO ANTÃO,PE,RISCO IMINENTE DE MORTE DA VÍTIMA,4.0
2024-05-08,A PRÓPRIA VÍTIMA,CASA ONDE RESIDE A VÍTIMA E O SUSPEITO,NOVA IGUAÇU,RJ,SITUAÇÃO FLAGRANTE - ATÉ 24H DA OCORRÊNCIA - SEM FREQUÊNCIA,4.0
2024-03-12,A PRÓPRIA VÍTIMA,CASA DO SUSPEITO,ITAPITANGA,BA,RISCO IMINENTE DE MORTE DA VÍTIMA,3.0
2024-02-12,A PRÓPRIA VÍTIMA,CASA DA VÍTIMA,QUEIMADOS,RJ,RISCO IMINENTE DE MORTE DA VÍTIMA,3.0
2024-03-06,TERCEIRO,CASA DA VÍTIMA,SALVADOR,BA,RISCO IMINENTE DE MORTE DA VÍTIMA,3.0
2024-02-03,TERCEIRO,ESTABELECIMENTO DE SAÚDE,TIANGUÁ,CE,RISCO IMINENTE DE MORTE DA VÍTIMA,3.0
2024-04-03,A PRÓPRIA VÍTIMA,CASA ONDE RESIDE A VÍTIMA E O SUSPEITO,CAMAÇARI,BA,RISCO IMINENTE DE MORTE DA VÍTIMA,3.0
2024-01-07,TERCEIRO,CASA ONDE RESIDE A VÍTIMA E O SUSPEITO,SÃO PAULO,SP,RISCO IMINENTE DE MORTE DA VÍTIMA,3.0
2024-01-23,A PRÓPRIA VÍTIMA,CASA DA VÍTIMA,SÃO JOÃO DE MERITI,RJ,RISCO IMINENTE DE MORTE DA VÍTIMA,3.0
2024-02-08,A PRÓPRIA VÍTIMA,CASA DA VÍTIMA,MAIRIPORÃ,SP,SITUAÇÃO FLAGRANTE - ATÉ 24H DA OCORRÊNCIA - SEM FREQUÊNCIA,3.0
2024-03-06,TERCEIRO,VIA PÚBLICA,PIEDADE DE PONTE NOVA,MG,RISCO IMINENTE DE MORTE DA VÍTIMA,3.0
2024-03-07,TERCEIRO,CASA DA VÍTIMA,PELOTAS,RS,RISCO IMINENTE DE MORTE DA VÍTIMA,3.0
2024-02-27,TERCEIRO,CASA ONDE RESIDE A VÍTIMA E O SUSPEITO,LENÇÓIS PAULISTA,SP,SITUAÇÃO FLAGRANTE - ATÉ 24H DA OCORRÊNCIA - SEM FREQUÊNCIA,3.0
2024-06-28,A PRÓPRIA VÍTIMA,CASA DA VÍTIMA,DUQUE DE CAXIAS,RJ,RISCO IMINENTE DE MORTE DA VÍTIMA,3.0
2024-01-05,A PRÓPRIA VÍTIMA,CASA DA VÍTIMA,SÃO BERNARDO DO CAMPO,SP,RISCO IMINENTE DE MORTE DA VÍTIMA,3.0
2024-03-26,A PRÓPRIA VÍTIMA,CASA ONDE RESIDE A VÍTIMA E O SUSPEITO,OSASCO,SP,SITUAÇÃO FLAGRANTE - ATÉ 24H DA OCORRÊNCIA - SEM FREQUÊNCIA,3.0
2024-03-12,A PRÓPRIA VÍTIMA,CASA DA VÍTIMA,IPATINGA,MG,RISCO IMINENTE DE MORTE DA VÍTIMA,3.0
2024-06-23,A PRÓPRIA VÍTIMA,CASA DE FAMILIARES,SÃO JOÃO DA BOA VISTA,SP,RISCO IMINENTE DE MORTE DA VÍTIMA,3.0
2024-06-14,TERCEIRO,CASA ONDE RESIDE A VÍTIMA E O SUSPEITO,BLUMENAU,SC,RISCO IMINENTE DE MORTE DA VÍTIMA,3.0
2024-05-10,A PRÓPRIA VÍTIMA,CASA ONDE RESIDE A VÍTIMA E O SUSPEITO,RIO DE JANEIRO,RJ,RISCO IMINENTE DE MORTE DA VÍTIMA,3.0
2024-03-17,TERCEIRO,CASA DA VÍTIMA,CAXIAS DO SUL,RS,RISCO IMINENTE DE MORTE DA VÍTIMA,3.0
2024-02-21,A PRÓPRIA VÍTIMA,CASA ONDE RESIDE A VÍTIMA E O SUSPEITO,VERA CRUZ,BA,RISCO IMINENTE DE MORTE DA VÍTIMA,3.0
2024-01-10,A PRÓPRIA VÍTIMA,CASA DA VÍTIMA,PETRÓPOLIS,RJ,RISCO IMINENTE DE MORTE DA VÍTIMA,3.0
2024-04-30,A PRÓPRIA VÍTIMA,CASA DA VÍTIMA,FLORIANÓPOLIS,SC,RISCO IMINENTE DE MORTE DA VÍTIMA,3.0
2024-04-24,TERCEIRO,CASA ONDE RESIDE A VÍTIMA E O SUSPEITO,PARANAGUÁ,PR,RISCO IMINENTE DE MORTE DA VÍTIMA,3.0
2024-04-10,TERCEIRO,VIA PÚBLICA,SÃO PAULO,SP,RISCO IMINENTE DE MORTE DA VÍTIMA,3.0
2024-04-19,A PRÓPRIA VÍTIMA,CASA DE FAMILIARES,IJUÍ,RS,RISCO IMINENTE DE MORTE DA VÍTIMA,3.0
2024-01-12,A PRÓPRIA VÍTIMA,CASA DA VÍTIMA,FERRAZ DE VASCONCELOS,SP,RISCO IMINENTE DE MORTE DA VÍTIMA,3.0
2024-04-18,TERCEIRO,CASA ONDE RESIDE A VÍTIMA E O SUSPEITO,GUARATINGUETÁ,SP,RISCO IMINENTE DE MORTE DA VÍTIMA,3.0
2024-01-11,TERCEIRO,CASA ONDE RESIDE A VÍTIMA E O SUSPEITO,VALENTE,BA,RISCO IMINENTE DE MORTE DA VÍTIMA,3.0
2024-06-05,A PRÓPRIA VÍTIMA,CASA DA VÍTIMA,SÃO JOSÉ DOS CAMPOS,SP,RISCO IMINENTE DE MORTE DA VÍTIMA,3.0
2024-04-18,TERCEIRO,CASA DA VÍTIMA,VOTUPORANGA,SP,RISCO IMINENTE DE MORTE DA VÍTIMA,3.0
2024-04-20,TERCEIRO,CASA ONDE RESIDE A VÍTIMA E O SUSPEITO,CAMPOS DOS GOYTACAZES,RJ,RISCO IMINENTE DE MORTE DA VÍTIMA,3.0
2024-01-10,TERCEIRO,CASA ONDE RESIDE A VÍTIMA E O SUSPEITO,JABOATÃO DOS GUARARAPES,PE,RISCO IMINENTE DE MORTE DA VÍTIMA,3.0
2024-04-12,A PRÓPRIA VÍTIMA,CASA DO SUSPEITO,CARAPICUÍBA,SP,RISCO IMINENTE DE MORTE DA VÍTIMA,3.0
2024-04-14,TERCEIRO,CASA ONDE RESIDE A VÍTIMA E O SUSPEITO,SALVADOR,BA,RISCO IMINENTE DE MORTE DA VÍTIMA,3.0
2024-06-14,A PRÓPRIA VÍTIMA,CASA DA VÍTIMA,JOÃO PINHEIRO,MG,RISCO IMINENTE DE MORTE DA VÍTIMA,3.0
2024-04-02,A PRÓPRIA VÍTIMA,CASA DA VÍTIMA,RECIFE,PE,RISCO IMINENTE DE MORTE DA VÍTIMA,2.0
2024-04-24,TERCEIRO,CASA DA VÍTIMA,LIMEIRA,SP,RISCO IMINENTE DE MORTE DA VÍTIMA,2.0
2024-03-17,A PRÓPRIA VÍTIMA,NÃO SABE INFORMAR,CARATINGA,MG,RISCO IMINENTE DE MORTE DA VÍTIMA,2.0
2024-05-27,A PRÓPRIA VÍTIMA,CASA DA VÍTIMA,BAEPENDI,MG,SITUAÇÃO FLAGRANTE - ATÉ 24H DA OCORRÊNCIA - SEM FREQUÊNCIA,2.0
2024-01-13,A PRÓPRIA VÍTIMA,CASA ONDE RESIDE A VÍTIMA E O SUSPEITO,SERRANA,SP,RISCO IMINENTE DE MORTE DA VÍTIMA,2.0
2024-01-28,TERCEIRO,CASA DA VÍTIMA,CAMBUÍ,MG,RISCO IMINENTE DE MORTE DA VÍTIMA,2.0
2024-04-19,TERCEIRO,CASA ONDE RESIDE A VÍTIMA E O SUSPEITO,SÃO PAULO,SP,RISCO IMINENTE DE MORTE DA VÍTIMA,2.0
2024-06-27,A PRÓPRIA VÍTIMA,CASA DA VÍTIMA,RIO DE JANEIRO,RJ,VÍTIMA EM SANGRAMENTO,2.0
2024-01-15,TERCEIRO,UNIDADE PRISIONAL,TUPI PAULISTA,SP,RISCO IMINENTE DE MORTE DA VÍTIMA,2.0
2024-06-01,TERCEIRO,CASA ONDE RESIDE A VÍTIMA E O SUSPEITO,VOLTA REDONDA,RJ,SITUAÇÃO FLAGRANTE - ATÉ 24H DA OCORRÊNCIA - SEM FREQUÊNCIA,2.0
2024-04-03,TERCEIRO,CASA DA VÍTIMA,FORTALEZA,CE,RISCO IMINENTE DE MORTE DA VÍTIMA,2.0
2024-01-28,A PRÓPRIA VÍTIMA,CASA DA VÍTIMA,SÃO FIDÉLIS,RJ,RISCO IMINENTE DE MORTE DA VÍTIMA,2.0
2024-05-17,A PRÓPRIA VÍTIMA,AMBIENTE VIRTUAL (NO ÂMBITO DA INTERNET),TAUBATÉ,SP,RISCO IMINENTE DE MORTE DA VÍTIMA,2.0
2024-05-19,A PRÓPRIA VÍTIMA,AMBIENTE VIRTUAL (NO ÂMBITO DA INTERNET),UBATUBA,SP,RISCO IMINENTE DE MORTE DA VÍTIMA,2.0
2024-06-03,A PRÓPRIA VÍTIMA,CASA DA VÍTIMA,SANTO ANTÔNIO DO DESCOBERTO,GO,RISCO IMINENTE DE MORTE DA VÍTIMA,2.0
2024-04-02,A PRÓPRIA VÍTIMA,CASA DA VÍTIMA,PETROLINA,PE,RISCO IMINENTE DE MORTE DA VÍTIMA,2.0
2024-06-02,TERCEIRO,CASA ONDE RESIDE A VÍTIMA E O SUSPEITO,IRECÊ,BA,SITUAÇÃO FLAGRANTE - ATÉ 24H DA OCORRÊNCIA - SEM FREQUÊNCIA,2.0
2024-04-12,A PRÓPRIA VÍTIMA,CASA DA VÍTIMA,GOVERNADOR VALADARES,MG,RISCO IMINENTE DE MORTE DA VÍTIMA,2.0
2024-03-19,A PRÓPRIA VÍTIMA,CASA DA VÍTIMA,PIRACICABA,SP,RISCO IMINENTE DE MORTE DA VÍTIMA,2.0
2024-04-02,A PRÓPRIA VÍTIMA,CASA DA VÍTIMA,ITAVERAVA,MG,RISCO IMINENTE DE MORTE DA VÍTIMA,2.0
2024-04-07,A PRÓPRIA VÍTIMA,OUTROS,BELO HORIZONTE,MG,RISCO IMINENTE DE MORTE DA VÍTIMA,2.0
2024-04-21,A PRÓPRIA VÍTIMA,OUTROS,RIO DE JANEIRO,RJ,RISCO IMINENTE DE MORTE DA VÍTIMA,2.0
2024-04-08,A PRÓPRIA VÍTIMA,CASA DA VÍTIMA,RIO DE JANEIRO,RJ,RISCO IMINENTE DE MORTE DA VÍTIMA,2.0
2024-04-08,TERCEIRO,CASA ONDE RESIDE A VÍTIMA E O SUSPEITO,RIO DE JANEIRO,RJ,RISCO IMINENTE DE MORTE DA VÍTIMA,2.0
2024-02-19,A PRÓPRIA VÍTIMA,CASA DA VÍTIMA,SÃO VICENTE,SP,RISCO IMINENTE DE MORTE DA VÍTIMA,2.0
2024-04-24,A PRÓPRIA VÍTIMA,CASA DA VÍTIMA,ARARAS,SP,RISCO IMINENTE DE MORTE DA VÍTIMA,2.0
2024-02-19,A PRÓPRIA VÍTIMA,CASA ONDE RESIDE A VÍTIMA E O SUSPEITO,SOCORRO,SP,RISCO IMINENTE DE MORTE DA VÍTIMA,1.0
2024-01-25,A PRÓPRIA VÍTIMA,CASA ONDE RESIDE A VÍTIMA E O SUSPEITO,NOVA IGUAÇU,RJ,RISCO IMINENTE DE MORTE DA VÍTIMA,1.0
2024-02-07,TERCEIRO,VIA PÚBLICA,IGREJINHA,RS,RISCO IMINENTE DE MORTE DA VÍTIMA,1.0
2024-04-29,A PRÓPRIA VÍTIMA,CASA ONDE RESIDE A VÍTIMA E O SUSPEITO,PORTO ALEGRE,RS,RISCO IMINENTE DE MORTE DA VÍTIMA,1.0
2024-06-15,TERCEIRO,CASA DA VÍTIMA,GUARULHOS,SP,RISCO IMINENTE DE MORTE DA VÍTIMA,1.0
2024-04-12,TERCEIRO,CASA ONDE RESIDE A VÍTIMA E O SUSPEITO,SEROPÉDICA,RJ,SITUAÇÃO FLAGRANTE - ATÉ 24H DA OCORRÊNCIA - SEM FREQUÊNCIA,1.0
2024-03-26,A PRÓPRIA VÍTIMA,CASA DA VÍTIMA,OSASCO,SP,SITUAÇÃO FLAGRANTE - ATÉ 24H DA OCORRÊNCIA - SEM FREQUÊNCIA,1.0
2024-01-21,A PRÓPRIA VÍTIMA,CASA DA VÍTIMA,TANGUÁ,RJ,RISCO IMINENTE DE MORTE DA VÍTIMA,1.0
2024-01-12,A PRÓPRIA VÍTIMA,CASA ONDE RESIDE A VÍTIMA E O SUSPEITO,PATO BRANCO,PR,RISCO IMINENTE DE MORTE DA VÍTIMA,1.0
2024-06-02,A PRÓPRIA VÍTIMA,CASA DA VÍTIMA,SÃO VICENTE,SP,SITUAÇÃO FLAGRANTE - ATÉ 24H DA OCORRÊNCIA - SEM FREQUÊNCIA,1.0
